entity,code,parent_code,payload
manifest,TEFIX,,"{""client_name"":""Tefix"",""currency"":""F CFA"",""dataset_version"":""1.0"",""reference_date"":""2026-07-14"",""modules"":[""dashboard"",""documents"",""collect"",""mes"",""engins"",""machines"",""workplaces"",""stock"",""projets"",""planning"",""tasks"",""pointage"",""teams"",""performance"",""roi"",""mediatheque"",""column_tags"",""analytics"",""configuration""]}"
site,SITE_DAKAR,,"{""name"":""Usine de Diamniadio"",""latitude"":14.7219,""longitude"":-17.19,""address"":""Zone industrielle de Diamniadio, Dakar""}"
site,SITE_THIES,,"{""name"":""Dépôt de Thiès"",""latitude"":14.791,""longitude"":-16.9359,""address"":""Zone industrielle, route de Tivaouane, Thiès""}"
workplace,WP_CONCASSAGE,,"{""name"":""Unité de concassage"",""site"":""SITE_DAKAR"",""description"":""Concassage et calibrage des granulats""}"
workplace,WP_BETON,,"{""name"":""Centrale à béton"",""site"":""SITE_DAKAR"",""description"":""Production de béton prêt à l'emploi""}"
workplace,WP_MAINT,,"{""name"":""Atelier de maintenance"",""site"":""SITE_DAKAR"",""description"":""Entretien préventif et curatif des équipements""}"
workplace,WP_CHARGEMENT,,"{""name"":""Zone de chargement"",""site"":""SITE_THIES"",""description"":""Préparation et chargement des expéditions""}"
workplace,WP_STOCK,,"{""name"":""Magasin central"",""site"":""SITE_THIES"",""description"":""Réception et stockage des matières et pièces""}"
user,USR_ABDOU,,"{""first_name"":""Abdou"",""last_name"":""Ndiaye"",""email"":""abdou.ndiaye@tefix.sn"",""phone"":""+221771102001"",""role"":""Responsable d'exploitation"",""site"":""SITE_DAKAR""}"
user,USR_AWA,,"{""first_name"":""Awa"",""last_name"":""Diop"",""email"":""awa.diop@tefix.sn"",""phone"":""+221761102002"",""role"":""Cheffe de production"",""site"":""SITE_DAKAR""}"
user,USR_MAMADOU,,"{""first_name"":""Mamadou"",""last_name"":""Ba"",""email"":""mamadou.ba@tefix.sn"",""phone"":""+221781102003"",""role"":""Chef d'équipe"",""site"":""SITE_DAKAR""}"
user,USR_FATOUMATA,,"{""first_name"":""Fatoumata"",""last_name"":""Sarr"",""email"":""fatoumata.sarr@tefix.sn"",""phone"":""+221701102004"",""role"":""Responsable qualité"",""site"":""SITE_DAKAR""}"
user,USR_IBRAHIMA,,"{""first_name"":""Ibrahima"",""last_name"":""Fall"",""email"":""ibrahima.fall@tefix.sn"",""phone"":""+221771102005"",""role"":""Technicien maintenance"",""site"":""SITE_DAKAR""}"
user,USR_KHADY,,"{""first_name"":""Khady"",""last_name"":""Sy"",""email"":""khady.sy@tefix.sn"",""phone"":""+221761102006"",""role"":""Magasinière"",""site"":""SITE_THIES""}"
user,USR_CHEIKH,,"{""first_name"":""Cheikh"",""last_name"":""Gueye"",""email"":""cheikh.gueye@tefix.sn"",""phone"":""+221781102007"",""role"":""Conducteur d'engin"",""site"":""SITE_DAKAR""}"
user,USR_MARIAMA,,"{""first_name"":""Mariama"",""last_name"":""Cissé"",""email"":""mariama.cisse@tefix.sn"",""phone"":""+221701102008"",""role"":""Opératrice de production"",""site"":""SITE_DAKAR""}"
user,USR_OUSMANE,,"{""first_name"":""Ousmane"",""last_name"":""Diallo"",""email"":""ousmane.diallo@tefix.sn"",""phone"":""+221771102009"",""role"":""Chauffeur-livreur"",""site"":""SITE_THIES""}"
user,USR_NDEYE,,"{""first_name"":""Ndèye"",""last_name"":""Seck"",""email"":""ndeye.seck@tefix.sn"",""phone"":""+221761102010"",""role"":""Assistante administrative"",""site"":""SITE_THIES""}"
project,PRJ_DAKAR_2026,,"{""name"":""Modernisation de l'unité de Diamniadio"",""site"":""SITE_DAKAR"",""description"":""Renforcement de la capacité de production et fiabilisation des équipements."",""type"":""PRODUCTION"",""subtype"":""MIXTE"",""city"":""Diamniadio"",""address"":""Zone industrielle de Diamniadio"",""start_date"":""2026-04-30"",""end_date"":""2026-10-27"",""duration_days"":180,""contract_amount"":485000000,""budget"":412000000,""status"":""EN_COURS"",""manager"":""USR_ABDOU""}"
project,PRJ_DEPOT_THIES,,"{""name"":""Optimisation logistique du dépôt de Thiès"",""site"":""SITE_THIES"",""description"":""Réorganisation des flux de stockage et réduction des délais de chargement."",""type"":""CHANTIER"",""subtype"":""TRANSPORT"",""city"":""Thiès"",""address"":""Zone industrielle de Thiès"",""start_date"":""2026-06-14"",""end_date"":""2026-10-12"",""duration_days"":120,""contract_amount"":175000000,""budget"":148500000,""status"":""EN_COURS"",""manager"":""USR_NDEYE""}"
team,TEAM_PROD,,"{""name"":""Équipe Production A"",""department"":""Production"",""site"":""SITE_DAKAR"",""manager"":""USR_AWA"",""description"":""Équipe Tefix dédiée au service production.""}"
team,TEAM_MAINT,,"{""name"":""Équipe Maintenance"",""department"":""Maintenance"",""site"":""SITE_DAKAR"",""manager"":""USR_IBRAHIMA"",""description"":""Équipe Tefix dédiée au service maintenance.""}"
team,TEAM_LOG,,"{""name"":""Équipe Logistique"",""department"":""Logistique"",""site"":""SITE_THIES"",""manager"":""USR_KHADY"",""description"":""Équipe Tefix dédiée au service logistique.""}"
team_member,TM_AWA,,"{""team"":""TEAM_PROD"",""user"":""USR_AWA"",""role"":""MANAGER""}"
team_member,TM_MAMADOU,,"{""team"":""TEAM_PROD"",""user"":""USR_MAMADOU"",""role"":""LEAD""}"
team_member,TM_FATOUMATA,,"{""team"":""TEAM_PROD"",""user"":""USR_FATOUMATA"",""role"":""SUPERVISOR""}"
team_member,TM_MARIAMA,,"{""team"":""TEAM_PROD"",""user"":""USR_MARIAMA"",""role"":""MEMBER""}"
team_member,TM_IBRAHIMA,,"{""team"":""TEAM_MAINT"",""user"":""USR_IBRAHIMA"",""role"":""LEAD""}"
team_member,TM_CHEIKH,,"{""team"":""TEAM_MAINT"",""user"":""USR_CHEIKH"",""role"":""MEMBER""}"
team_member,TM_ABDOU,,"{""team"":""TEAM_MAINT"",""user"":""USR_ABDOU"",""role"":""SUPERVISOR""}"
team_member,TM_KHADY,,"{""team"":""TEAM_LOG"",""user"":""USR_KHADY"",""role"":""LEAD""}"
team_member,TM_OUSMANE,,"{""team"":""TEAM_LOG"",""user"":""USR_OUSMANE"",""role"":""MEMBER""}"
team_member,TM_NDEYE,,"{""team"":""TEAM_LOG"",""user"":""USR_NDEYE"",""role"":""SUPERVISOR""}"
team_kpi,KPI_PROD_TRS,,"{""team"":""TEAM_PROD"",""name"":""TRS moyen"",""category"":""efficiency"",""target"":85,""current"":81.6,""unit"":""%"",""trend"":3.2,""start_date"":""2026-07-01"",""end_date"":""2026-08-13""}"
team_kpi,KPI_PROD_QUAL,,"{""team"":""TEAM_PROD"",""name"":""Taux de conformité"",""category"":""quality"",""target"":98,""current"":97.2,""unit"":""%"",""trend"":1.1,""start_date"":""2026-07-01"",""end_date"":""2026-08-13""}"
team_kpi,KPI_PROD_VOL,,"{""team"":""TEAM_PROD"",""name"":""Volume journalier"",""category"":""productivity"",""target"":420,""current"":397,""unit"":""tonnes"",""trend"":4.5,""start_date"":""2026-07-01"",""end_date"":""2026-08-13""}"
team_kpi,KPI_MAINT_DISPO,,"{""team"":""TEAM_MAINT"",""name"":""Disponibilité des engins"",""category"":""efficiency"",""target"":92,""current"":89.4,""unit"":""%"",""trend"":2.0,""start_date"":""2026-07-01"",""end_date"":""2026-08-13""}"
team_kpi,KPI_MAINT_MTTR,,"{""team"":""TEAM_MAINT"",""name"":""Interventions sous 4 heures"",""category"":""delivery"",""target"":90,""current"":86,""unit"":""%"",""trend"":5.4,""start_date"":""2026-07-01"",""end_date"":""2026-08-13""}"
team_kpi,KPI_MAINT_SECUR,,"{""team"":""TEAM_MAINT"",""name"":""Interventions sans incident"",""category"":""safety"",""target"":100,""current"":100,""unit"":""%"",""trend"":0,""start_date"":""2026-07-01"",""end_date"":""2026-08-13""}"
team_kpi,KPI_LOG_SERVICE,,"{""team"":""TEAM_LOG"",""name"":""Taux de service"",""category"":""delivery"",""target"":96,""current"":94.5,""unit"":""%"",""trend"":2.7,""start_date"":""2026-07-01"",""end_date"":""2026-08-13""}"
team_kpi,KPI_LOG_DELAI,,"{""team"":""TEAM_LOG"",""name"":""Chargements dans le délai"",""category"":""productivity"",""target"":95,""current"":91.8,""unit"":""%"",""trend"":3.8,""start_date"":""2026-07-01"",""end_date"":""2026-08-13""}"
team_kpi,KPI_LOG_COUT,,"{""team"":""TEAM_LOG"",""name"":""Coût logistique par tonne"",""category"":""cost"",""target"":5200,""current"":5450,""unit"":""F CFA"",""trend"":-1.9,""start_date"":""2026-07-01"",""end_date"":""2026-08-13""}"
team_evaluation,EVAL_1,,"{""team"":""TEAM_PROD"",""type"":""monthly"",""period_start"":""2026-05-01"",""period_end"":""2026-06-30"",""scores"":[8.6,9.0,8.2,8.7,7.8,8.4],""status"":""VALIDATED"",""evaluator"":""USR_ABDOU"",""notes"":""Résultats solides avec une progression régulière sur les objectifs prioritaires."",""recommendations"":""Maintenir les rituels quotidiens et traiter les écarts au fil de l'eau.""}"
team_evaluation,EVAL_2,,"{""team"":""TEAM_MAINT"",""type"":""monthly"",""period_start"":""2026-05-01"",""period_end"":""2026-06-30"",""scores"":[8.1,8.8,8.4,8.5,7.9,8.0],""status"":""VALIDATED"",""evaluator"":""USR_ABDOU"",""notes"":""Résultats solides avec une progression régulière sur les objectifs prioritaires."",""recommendations"":""Maintenir les rituels quotidiens et traiter les écarts au fil de l'eau.""}"
team_evaluation,EVAL_3,,"{""team"":""TEAM_LOG"",""type"":""monthly"",""period_start"":""2026-05-01"",""period_end"":""2026-06-30"",""scores"":[8.0,8.4,7.9,8.8,7.5,8.2],""status"":""VALIDATED"",""evaluator"":""USR_NDEYE"",""notes"":""Résultats solides avec une progression régulière sur les objectifs prioritaires."",""recommendations"":""Maintenir les rituels quotidiens et traiter les écarts au fil de l'eau.""}"
team_task,TT_PROD_PLAN,,"{""team"":""TEAM_PROD"",""member"":""TM_MAMADOU"",""title"":""Préparer le planning de production hebdomadaire"",""description"":""Tâche opérationnelle Tefix : préparer le planning de production hebdomadaire."",""status"":""IN_PROGRESS"",""priority"":""HIGH"",""due_date"":""2026-07-17T17:00:00+00:00"",""estimated_hours"":6,""actual_hours"":3}"
team_task,TT_PROD_QUAL,,"{""team"":""TEAM_PROD"",""member"":""TM_FATOUMATA"",""title"":""Analyser les non-conformités du lot B26-071"",""description"":""Tâche opérationnelle Tefix : analyser les non-conformités du lot b26-071."",""status"":""ASSIGNED"",""priority"":""HIGH"",""due_date"":""2026-07-17T17:00:00+00:00"",""estimated_hours"":5,""actual_hours"":0}"
team_task,TT_PROD_NET,,"{""team"":""TEAM_PROD"",""member"":""TM_MARIAMA"",""title"":""Nettoyer la ligne avant changement de série"",""description"":""Tâche opérationnelle Tefix : nettoyer la ligne avant changement de série."",""status"":""COMPLETED"",""priority"":""MEDIUM"",""due_date"":""2026-07-17T17:00:00+00:00"",""estimated_hours"":2,""actual_hours"":2}"
team_task,TT_MAINT_PREV,,"{""team"":""TEAM_MAINT"",""member"":""TM_IBRAHIMA"",""title"":""Réaliser la maintenance préventive du concasseur"",""description"":""Tâche opérationnelle Tefix : réaliser la maintenance préventive du concasseur."",""status"":""IN_PROGRESS"",""priority"":""URGENT"",""due_date"":""2026-07-17T17:00:00+00:00"",""estimated_hours"":8,""actual_hours"":5}"
team_task,TT_MAINT_STOCK,,"{""team"":""TEAM_MAINT"",""member"":""TM_CHEIKH"",""title"":""Contrôler le stock de filtres et courroies"",""description"":""Tâche opérationnelle Tefix : contrôler le stock de filtres et courroies."",""status"":""ASSIGNED"",""priority"":""MEDIUM"",""due_date"":""2026-07-17T17:00:00+00:00"",""estimated_hours"":3,""actual_hours"":0}"
team_task,TT_LOG_INV,,"{""team"":""TEAM_LOG"",""member"":""TM_KHADY"",""title"":""Effectuer l'inventaire tournant de la zone B"",""description"":""Tâche opérationnelle Tefix : effectuer l'inventaire tournant de la zone b."",""status"":""IN_PROGRESS"",""priority"":""HIGH"",""due_date"":""2026-07-17T17:00:00+00:00"",""estimated_hours"":6,""actual_hours"":2.5}"
team_task,TT_LOG_ROUTE,,"{""team"":""TEAM_LOG"",""member"":""TM_OUSMANE"",""title"":""Préparer la tournée Dakar–Thiès"",""description"":""Tâche opérationnelle Tefix : préparer la tournée dakar–thiès."",""status"":""COMPLETED"",""priority"":""MEDIUM"",""due_date"":""2026-07-17T17:00:00+00:00"",""estimated_hours"":2,""actual_hours"":2}"
team_task,TT_LOG_DOC,,"{""team"":""TEAM_LOG"",""member"":""TM_NDEYE"",""title"":""Mettre à jour les bons de livraison"",""description"":""Tâche opérationnelle Tefix : mettre à jour les bons de livraison."",""status"":""ASSIGNED"",""priority"":""LOW"",""due_date"":""2026-07-17T17:00:00+00:00"",""estimated_hours"":4,""actual_hours"":0}"
machine,ENG_CHARGEUSE_01,,"{""name"":""Chargeuse Caterpillar 950 GC"",""type"":""ENGINE"",""serial_number"":""TFX-ENG-950-001"",""status"":""ACTIVE"",""workplace"":""WP_CONCASSAGE"",""ideal_cycle_time"":38.0,""description"":""Équipement suivi dans le parc Tefix.""}"
machine,ENG_PELLE_01,,"{""name"":""Pelle hydraulique Komatsu PC210"",""type"":""ENGINE"",""serial_number"":""TFX-ENG-PC210-002"",""status"":""ACTIVE"",""workplace"":""WP_CONCASSAGE"",""ideal_cycle_time"":32.0,""description"":""Équipement suivi dans le parc Tefix.""}"
machine,ENG_CAMION_01,,"{""name"":""Camion benne Sinotruk HOWO"",""type"":""ENGINE"",""serial_number"":""TFX-ENG-HOWO-003"",""status"":""DEGRADED"",""workplace"":""WP_CHARGEMENT"",""ideal_cycle_time"":55.0,""description"":""Équipement suivi dans le parc Tefix.""}"
machine,ENG_CHARIOT_01,,"{""name"":""Chariot élévateur Toyota 8FD"",""type"":""ENGINE"",""serial_number"":""TFX-ENG-8FD-004"",""status"":""ACTIVE"",""workplace"":""WP_STOCK"",""ideal_cycle_time"":45.0,""description"":""Équipement suivi dans le parc Tefix.""}"
machine,MAC_CONCASSEUR,,"{""name"":""Concasseur primaire Metso C96"",""type"":""MACHINE"",""serial_number"":""TFX-MAC-C96-101"",""status"":""ACTIVE"",""workplace"":""WP_CONCASSAGE"",""ideal_cycle_time"":18.0,""description"":""Équipement suivi dans le parc Tefix.""}"
machine,MAC_MALAXEUR,,"{""name"":""Malaxeur Sicoma 2 m³"",""type"":""MACHINE"",""serial_number"":""TFX-MAC-SIC-102"",""status"":""ACTIVE"",""workplace"":""WP_BETON"",""ideal_cycle_time"":75.0,""description"":""Équipement suivi dans le parc Tefix.""}"
machine,MAC_POMPE,,"{""name"":""Pompe à béton Putzmeister"",""type"":""MACHINE"",""serial_number"":""TFX-MAC-PUT-103"",""status"":""MAINTENANCE"",""workplace"":""WP_BETON"",""ideal_cycle_time"":90.0,""description"":""Équipement suivi dans le parc Tefix.""}"
machine,MAC_GROUPE,,"{""name"":""Groupe électrogène Cummins 250 kVA"",""type"":""MACHINE"",""serial_number"":""TFX-MAC-CUM-104"",""status"":""ACTIVE"",""workplace"":""WP_MAINT"",""ideal_cycle_time"":0.0,""description"":""Équipement suivi dans le parc Tefix.""}"
product,PROD_GRAVIER,,"{""name"":""Gravier 5/15"",""version"":""2026"",""family"":""Granulats"",""description"":""Produit Tefix — Gravier 5/15."",""workplace"":""WP_CONCASSAGE""}"
product,PROD_SABLE,,"{""name"":""Sable concassé 0/5"",""version"":""2026"",""family"":""Granulats"",""description"":""Produit Tefix — Sable concassé 0/5."",""workplace"":""WP_CONCASSAGE""}"
product,PROD_BETON,,"{""name"":""Béton C25/30"",""version"":""2026"",""family"":""Béton prêt à l'emploi"",""description"":""Produit Tefix — Béton C25/30."",""workplace"":""WP_BETON""}"
work_order,OF-TFX-26071,,"{""reference"":""OF-TFX-26071"",""product"":""PROD_GRAVIER"",""workplace"":""WP_CONCASSAGE"",""planned_quantity"":2400,""actual_quantity"":2185}"
work_order,OF-TFX-26072,,"{""reference"":""OF-TFX-26072"",""product"":""PROD_SABLE"",""workplace"":""WP_CONCASSAGE"",""planned_quantity"":1800,""actual_quantity"":1760}"
work_order,OF-TFX-26073,,"{""reference"":""OF-TFX-26073"",""product"":""PROD_BETON"",""workplace"":""WP_BETON"",""planned_quantity"":850,""actual_quantity"":612}"
work_order,OF-TFX-26074,,"{""reference"":""OF-TFX-26074"",""product"":""PROD_GRAVIER"",""workplace"":""WP_CONCASSAGE"",""planned_quantity"":2600,""actual_quantity"":940}"
work_order,OF-TFX-26075,,"{""reference"":""OF-TFX-26075"",""product"":""PROD_SABLE"",""workplace"":""WP_CONCASSAGE"",""planned_quantity"":1500,""actual_quantity"":420}"
work_order,OF-TFX-26076,,"{""reference"":""OF-TFX-26076"",""product"":""PROD_BETON"",""workplace"":""WP_BETON"",""planned_quantity"":720,""actual_quantity"":0}"
operation,OP-TFX-001,,"{""work_order"":""OF-TFX-26071"",""name"":""Production lot OF-TFX-26071"",""started_at"":""2026-07-08T07:00:00+00:00"",""ended_at"":""2026-07-08T15:30:00+00:00"",""is_blocking"":false}"
mes_task,TASK-TFX-001-A,,"{""operation"":""OP-TFX-001"",""name"":""Contrôle et préparation du poste"",""type"":""SETUP"",""status"":""DONE"",""machine"":""MAC_CONCASSEUR"",""user"":""USR_MAMADOU"",""started_at"":""2026-07-08T07:00:00+00:00"",""ended_at"":""2026-07-08T07:30:00+00:00"",""expected_duration"":30,""description"":""Vérification sécurité, niveaux et paramètres avant lancement.""}"
mes_task,TASK-TFX-001-B,,"{""operation"":""OP-TFX-001"",""name"":""Exécution et suivi de la production"",""type"":""AUTOMATIC"",""status"":""DONE"",""machine"":""MAC_CONCASSEUR"",""user"":""USR_MAMADOU"",""started_at"":""2026-07-08T07:30:00+00:00"",""ended_at"":""2026-07-08T15:30:00+00:00"",""expected_duration"":480,""description"":""Suivi du tonnage, des arrêts et de la qualité pendant la fabrication.""}"
operation,OP-TFX-002,,"{""work_order"":""OF-TFX-26072"",""name"":""Production lot OF-TFX-26072"",""started_at"":""2026-07-09T07:00:00+00:00"",""ended_at"":""2026-07-09T15:30:00+00:00"",""is_blocking"":false}"
mes_task,TASK-TFX-002-A,,"{""operation"":""OP-TFX-002"",""name"":""Contrôle et préparation du poste"",""type"":""SETUP"",""status"":""DONE"",""machine"":""MAC_CONCASSEUR"",""user"":""USR_MAMADOU"",""started_at"":""2026-07-09T07:00:00+00:00"",""ended_at"":""2026-07-09T07:30:00+00:00"",""expected_duration"":30,""description"":""Vérification sécurité, niveaux et paramètres avant lancement.""}"
mes_task,TASK-TFX-002-B,,"{""operation"":""OP-TFX-002"",""name"":""Exécution et suivi de la production"",""type"":""AUTOMATIC"",""status"":""DONE"",""machine"":""MAC_CONCASSEUR"",""user"":""USR_MAMADOU"",""started_at"":""2026-07-09T07:30:00+00:00"",""ended_at"":""2026-07-09T15:30:00+00:00"",""expected_duration"":480,""description"":""Suivi du tonnage, des arrêts et de la qualité pendant la fabrication.""}"
operation,OP-TFX-003,,"{""work_order"":""OF-TFX-26073"",""name"":""Production lot OF-TFX-26073"",""started_at"":""2026-07-10T07:00:00+00:00"",""ended_at"":null,""is_blocking"":false}"
mes_task,TASK-TFX-003-A,,"{""operation"":""OP-TFX-003"",""name"":""Contrôle et préparation du poste"",""type"":""SETUP"",""status"":""DONE"",""machine"":""MAC_MALAXEUR"",""user"":""USR_MARIAMA"",""started_at"":""2026-07-10T07:00:00+00:00"",""ended_at"":""2026-07-10T07:30:00+00:00"",""expected_duration"":30,""description"":""Vérification sécurité, niveaux et paramètres avant lancement.""}"
mes_task,TASK-TFX-003-B,,"{""operation"":""OP-TFX-003"",""name"":""Exécution et suivi de la production"",""type"":""AUTOMATIC"",""status"":""IN_PROGRESS"",""machine"":""MAC_MALAXEUR"",""user"":""USR_MARIAMA"",""started_at"":""2026-07-10T07:30:00+00:00"",""ended_at"":null,""expected_duration"":480,""description"":""Suivi du tonnage, des arrêts et de la qualité pendant la fabrication.""}"
operation,OP-TFX-004,,"{""work_order"":""OF-TFX-26074"",""name"":""Production lot OF-TFX-26074"",""started_at"":""2026-07-11T07:00:00+00:00"",""ended_at"":null,""is_blocking"":false}"
mes_task,TASK-TFX-004-A,,"{""operation"":""OP-TFX-004"",""name"":""Contrôle et préparation du poste"",""type"":""SETUP"",""status"":""DONE"",""machine"":""MAC_CONCASSEUR"",""user"":""USR_MAMADOU"",""started_at"":""2026-07-11T07:00:00+00:00"",""ended_at"":""2026-07-11T07:30:00+00:00"",""expected_duration"":30,""description"":""Vérification sécurité, niveaux et paramètres avant lancement.""}"
mes_task,TASK-TFX-004-B,,"{""operation"":""OP-TFX-004"",""name"":""Exécution et suivi de la production"",""type"":""AUTOMATIC"",""status"":""IN_PROGRESS"",""machine"":""MAC_CONCASSEUR"",""user"":""USR_MAMADOU"",""started_at"":""2026-07-11T07:30:00+00:00"",""ended_at"":null,""expected_duration"":480,""description"":""Suivi du tonnage, des arrêts et de la qualité pendant la fabrication.""}"
operation,OP-TFX-005,,"{""work_order"":""OF-TFX-26075"",""name"":""Production lot OF-TFX-26075"",""started_at"":""2026-07-12T07:00:00+00:00"",""ended_at"":null,""is_blocking"":false}"
mes_task,TASK-TFX-005-A,,"{""operation"":""OP-TFX-005"",""name"":""Contrôle et préparation du poste"",""type"":""SETUP"",""status"":""DONE"",""machine"":""MAC_CONCASSEUR"",""user"":""USR_MAMADOU"",""started_at"":""2026-07-12T07:00:00+00:00"",""ended_at"":""2026-07-12T07:30:00+00:00"",""expected_duration"":30,""description"":""Vérification sécurité, niveaux et paramètres avant lancement.""}"
mes_task,TASK-TFX-005-B,,"{""operation"":""OP-TFX-005"",""name"":""Exécution et suivi de la production"",""type"":""AUTOMATIC"",""status"":""IN_PROGRESS"",""machine"":""MAC_CONCASSEUR"",""user"":""USR_MAMADOU"",""started_at"":""2026-07-12T07:30:00+00:00"",""ended_at"":null,""expected_duration"":480,""description"":""Suivi du tonnage, des arrêts et de la qualité pendant la fabrication.""}"
operation,OP-TFX-006,,"{""work_order"":""OF-TFX-26076"",""name"":""Production lot OF-TFX-26076"",""started_at"":""2026-07-13T07:00:00+00:00"",""ended_at"":null,""is_blocking"":false}"
mes_task,TASK-TFX-006-A,,"{""operation"":""OP-TFX-006"",""name"":""Contrôle et préparation du poste"",""type"":""SETUP"",""status"":""DONE"",""machine"":""MAC_MALAXEUR"",""user"":""USR_MARIAMA"",""started_at"":""2026-07-13T07:00:00+00:00"",""ended_at"":""2026-07-13T07:30:00+00:00"",""expected_duration"":30,""description"":""Vérification sécurité, niveaux et paramètres avant lancement.""}"
mes_task,TASK-TFX-006-B,,"{""operation"":""OP-TFX-006"",""name"":""Exécution et suivi de la production"",""type"":""AUTOMATIC"",""status"":""IN_PROGRESS"",""machine"":""MAC_MALAXEUR"",""user"":""USR_MARIAMA"",""started_at"":""2026-07-13T07:30:00+00:00"",""ended_at"":null,""expected_duration"":480,""description"":""Suivi du tonnage, des arrêts et de la qualité pendant la fabrication.""}"
session,SES-TFX-001,,"{""reference"":""SES-TFX-001"",""work_order"":""OF-TFX-26071"",""workplace"":""WP_CONCASSAGE"",""machine"":""MAC_CONCASSEUR"",""status"":""CLOSED"",""started_at"":""2026-07-08T07:00:00+00:00"",""ended_at"":""2026-07-08T15:30:00+00:00"",""shift_code"":""JOUR"",""batch_number"":""LOT-TFX-260708"",""operator"":""USR_MAMADOU""}"
session,SES-TFX-002,,"{""reference"":""SES-TFX-002"",""work_order"":""OF-TFX-26072"",""workplace"":""WP_CONCASSAGE"",""machine"":""MAC_CONCASSEUR"",""status"":""CLOSED"",""started_at"":""2026-07-09T07:00:00+00:00"",""ended_at"":""2026-07-09T15:30:00+00:00"",""shift_code"":""JOUR"",""batch_number"":""LOT-TFX-260709"",""operator"":""USR_MAMADOU""}"
session,SES-TFX-003,,"{""reference"":""SES-TFX-003"",""work_order"":""OF-TFX-26073"",""workplace"":""WP_BETON"",""machine"":""MAC_MALAXEUR"",""status"":""OPEN"",""started_at"":""2026-07-10T07:00:00+00:00"",""ended_at"":null,""shift_code"":""JOUR"",""batch_number"":""LOT-TFX-260710"",""operator"":""USR_MARIAMA""}"
session,SES-TFX-004,,"{""reference"":""SES-TFX-004"",""work_order"":""OF-TFX-26074"",""workplace"":""WP_CONCASSAGE"",""machine"":""MAC_CONCASSEUR"",""status"":""OPEN"",""started_at"":""2026-07-11T07:00:00+00:00"",""ended_at"":null,""shift_code"":""JOUR"",""batch_number"":""LOT-TFX-260711"",""operator"":""USR_MAMADOU""}"
session,SES-TFX-005,,"{""reference"":""SES-TFX-005"",""work_order"":""OF-TFX-26075"",""workplace"":""WP_CONCASSAGE"",""machine"":""MAC_CONCASSEUR"",""status"":""OPEN"",""started_at"":""2026-07-12T07:00:00+00:00"",""ended_at"":null,""shift_code"":""JOUR"",""batch_number"":""LOT-TFX-260712"",""operator"":""USR_MAMADOU""}"
session,SES-TFX-006,,"{""reference"":""SES-TFX-006"",""work_order"":""OF-TFX-26076"",""workplace"":""WP_BETON"",""machine"":""MAC_MALAXEUR"",""status"":""OPEN"",""started_at"":""2026-07-13T07:00:00+00:00"",""ended_at"":null,""shift_code"":""JOUR"",""batch_number"":""LOT-TFX-260713"",""operator"":""USR_MARIAMA""}"
performance,PERF_ENG_CHARGEUSE_01_2026-07-08,,"{""machine"":""ENG_CHARGEUSE_01"",""period_start"":""2026-07-08T00:00:00+00:00"",""period_end"":""2026-07-08T23:59:00+00:00"",""availability"":87.5,""performance"":78.0,""quality"":96.0,""oee"":65.5,""total_pieces"":420,""scrap_pieces"":5,""fuel_consumption"":42.0,""engine_on_hours"":7.2,""utilization_pct"":84.5,""reliability_pct"":89.5,""line_name"":""Ligne Exploitation""}"
performance,PERF_ENG_CHARGEUSE_01_2026-07-09,,"{""machine"":""ENG_CHARGEUSE_01"",""period_start"":""2026-07-09T00:00:00+00:00"",""period_end"":""2026-07-09T23:59:00+00:00"",""availability"":88.5,""performance"":80.0,""quality"":96.7,""oee"":68.5,""total_pieces"":427,""scrap_pieces"":6,""fuel_consumption"":42.0,""engine_on_hours"":7.5,""utilization_pct"":85.5,""reliability_pct"":90.5,""line_name"":""Ligne Exploitation""}"
performance,PERF_ENG_CHARGEUSE_01_2026-07-10,,"{""machine"":""ENG_CHARGEUSE_01"",""period_start"":""2026-07-10T00:00:00+00:00"",""period_end"":""2026-07-10T23:59:00+00:00"",""availability"":89.5,""performance"":82.0,""quality"":97.4,""oee"":71.5,""total_pieces"":434,""scrap_pieces"":7,""fuel_consumption"":42.0,""engine_on_hours"":7.8,""utilization_pct"":86.5,""reliability_pct"":91.5,""line_name"":""Ligne Exploitation""}"
performance,PERF_ENG_CHARGEUSE_01_2026-07-11,,"{""machine"":""ENG_CHARGEUSE_01"",""period_start"":""2026-07-11T00:00:00+00:00"",""period_end"":""2026-07-11T23:59:00+00:00"",""availability"":90.5,""performance"":84.0,""quality"":98.1,""oee"":74.6,""total_pieces"":441,""scrap_pieces"":8,""fuel_consumption"":42.0,""engine_on_hours"":7.2,""utilization_pct"":87.5,""reliability_pct"":92.5,""line_name"":""Ligne Exploitation""}"
performance,PERF_ENG_CHARGEUSE_01_2026-07-12,,"{""machine"":""ENG_CHARGEUSE_01"",""period_start"":""2026-07-12T00:00:00+00:00"",""period_end"":""2026-07-12T23:59:00+00:00"",""availability"":91.5,""performance"":86.0,""quality"":96.0,""oee"":75.5,""total_pieces"":448,""scrap_pieces"":9,""fuel_consumption"":42.0,""engine_on_hours"":7.5,""utilization_pct"":88.5,""reliability_pct"":93.5,""line_name"":""Ligne Exploitation""}"
performance,PERF_ENG_CHARGEUSE_01_2026-07-13,,"{""machine"":""ENG_CHARGEUSE_01"",""period_start"":""2026-07-13T00:00:00+00:00"",""period_end"":""2026-07-13T23:59:00+00:00"",""availability"":92.5,""performance"":88.0,""quality"":96.7,""oee"":78.7,""total_pieces"":455,""scrap_pieces"":10,""fuel_consumption"":42.0,""engine_on_hours"":7.8,""utilization_pct"":89.5,""reliability_pct"":94.5,""line_name"":""Ligne Exploitation""}"
performance,PERF_ENG_CHARGEUSE_01_2026-07-14,,"{""machine"":""ENG_CHARGEUSE_01"",""period_start"":""2026-07-14T00:00:00+00:00"",""period_end"":""2026-07-14T23:59:00+00:00"",""availability"":93.5,""performance"":90.0,""quality"":97.4,""oee"":82.0,""total_pieces"":462,""scrap_pieces"":11,""fuel_consumption"":42.0,""engine_on_hours"":7.2,""utilization_pct"":90.5,""reliability_pct"":95.5,""line_name"":""Ligne Exploitation""}"
performance,PERF_ENG_PELLE_01_2026-07-08,,"{""machine"":""ENG_PELLE_01"",""period_start"":""2026-07-08T00:00:00+00:00"",""period_end"":""2026-07-08T23:59:00+00:00"",""availability"":90.5,""performance"":83.0,""quality"":96.7,""oee"":72.6,""total_pieces"":438,""scrap_pieces"":6,""fuel_consumption"":45.8,""engine_on_hours"":7.2,""utilization_pct"":87.5,""reliability_pct"":92.5,""line_name"":""Ligne Exploitation""}"
performance,PERF_ENG_PELLE_01_2026-07-09,,"{""machine"":""ENG_PELLE_01"",""period_start"":""2026-07-09T00:00:00+00:00"",""period_end"":""2026-07-09T23:59:00+00:00"",""availability"":91.5,""performance"":85.0,""quality"":97.4,""oee"":75.8,""total_pieces"":445,""scrap_pieces"":7,""fuel_consumption"":45.8,""engine_on_hours"":7.5,""utilization_pct"":88.5,""reliability_pct"":93.5,""line_name"":""Ligne Exploitation""}"
performance,PERF_ENG_PELLE_01_2026-07-10,,"{""machine"":""ENG_PELLE_01"",""period_start"":""2026-07-10T00:00:00+00:00"",""period_end"":""2026-07-10T23:59:00+00:00"",""availability"":92.5,""performance"":87.0,""quality"":98.1,""oee"":78.9,""total_pieces"":452,""scrap_pieces"":8,""fuel_consumption"":45.8,""engine_on_hours"":7.8,""utilization_pct"":89.5,""reliability_pct"":94.5,""line_name"":""Ligne Exploitation""}"
performance,PERF_ENG_PELLE_01_2026-07-11,,"{""machine"":""ENG_PELLE_01"",""period_start"":""2026-07-11T00:00:00+00:00"",""period_end"":""2026-07-11T23:59:00+00:00"",""availability"":93.5,""performance"":89.0,""quality"":96.0,""oee"":79.9,""total_pieces"":459,""scrap_pieces"":9,""fuel_consumption"":45.8,""engine_on_hours"":7.2,""utilization_pct"":90.5,""reliability_pct"":95.5,""line_name"":""Ligne Exploitation""}"
performance,PERF_ENG_PELLE_01_2026-07-12,,"{""machine"":""ENG_PELLE_01"",""period_start"":""2026-07-12T00:00:00+00:00"",""period_end"":""2026-07-12T23:59:00+00:00"",""availability"":94.5,""performance"":91.0,""quality"":96.7,""oee"":83.2,""total_pieces"":466,""scrap_pieces"":10,""fuel_consumption"":45.8,""engine_on_hours"":7.5,""utilization_pct"":91.5,""reliability_pct"":96.5,""line_name"":""Ligne Exploitation""}"
performance,PERF_ENG_PELLE_01_2026-07-13,,"{""machine"":""ENG_PELLE_01"",""period_start"":""2026-07-13T00:00:00+00:00"",""period_end"":""2026-07-13T23:59:00+00:00"",""availability"":95.5,""performance"":78.0,""quality"":97.4,""oee"":72.6,""total_pieces"":473,""scrap_pieces"":11,""fuel_consumption"":45.8,""engine_on_hours"":7.8,""utilization_pct"":92.5,""reliability_pct"":97.5,""line_name"":""Ligne Exploitation""}"
performance,PERF_ENG_PELLE_01_2026-07-14,,"{""machine"":""ENG_PELLE_01"",""period_start"":""2026-07-14T00:00:00+00:00"",""period_end"":""2026-07-14T23:59:00+00:00"",""availability"":87.5,""performance"":80.0,""quality"":98.1,""oee"":68.7,""total_pieces"":480,""scrap_pieces"":12,""fuel_consumption"":45.8,""engine_on_hours"":7.2,""utilization_pct"":84.5,""reliability_pct"":89.5,""line_name"":""Ligne Exploitation""}"
performance,PERF_ENG_CAMION_01_2026-07-08,,"{""machine"":""ENG_CAMION_01"",""period_start"":""2026-07-08T00:00:00+00:00"",""period_end"":""2026-07-08T23:59:00+00:00"",""availability"":93.5,""performance"":88.0,""quality"":97.4,""oee"":80.1,""total_pieces"":456,""scrap_pieces"":7,""fuel_consumption"":49.6,""engine_on_hours"":7.2,""utilization_pct"":90.5,""reliability_pct"":95.5,""line_name"":""Ligne Exploitation""}"
performance,PERF_ENG_CAMION_01_2026-07-09,,"{""machine"":""ENG_CAMION_01"",""period_start"":""2026-07-09T00:00:00+00:00"",""period_end"":""2026-07-09T23:59:00+00:00"",""availability"":94.5,""performance"":90.0,""quality"":98.1,""oee"":83.4,""total_pieces"":463,""scrap_pieces"":8,""fuel_consumption"":49.6,""engine_on_hours"":7.5,""utilization_pct"":91.5,""reliability_pct"":96.5,""line_name"":""Ligne Exploitation""}"
performance,PERF_ENG_CAMION_01_2026-07-10,,"{""machine"":""ENG_CAMION_01"",""period_start"":""2026-07-10T00:00:00+00:00"",""period_end"":""2026-07-10T23:59:00+00:00"",""availability"":95.5,""performance"":92.0,""quality"":96.0,""oee"":84.3,""total_pieces"":470,""scrap_pieces"":9,""fuel_consumption"":49.6,""engine_on_hours"":7.8,""utilization_pct"":92.5,""reliability_pct"":97.5,""line_name"":""Ligne Exploitation""}"
performance,PERF_ENG_CAMION_01_2026-07-11,,"{""machine"":""ENG_CAMION_01"",""period_start"":""2026-07-11T00:00:00+00:00"",""period_end"":""2026-07-11T23:59:00+00:00"",""availability"":87.5,""performance"":79.0,""quality"":96.7,""oee"":66.8,""total_pieces"":477,""scrap_pieces"":10,""fuel_consumption"":49.6,""engine_on_hours"":7.2,""utilization_pct"":84.5,""reliability_pct"":89.5,""line_name"":""Ligne Exploitation""}"
performance,PERF_ENG_CAMION_01_2026-07-12,,"{""machine"":""ENG_CAMION_01"",""period_start"":""2026-07-12T00:00:00+00:00"",""period_end"":""2026-07-12T23:59:00+00:00"",""availability"":88.5,""performance"":81.0,""quality"":97.4,""oee"":69.8,""total_pieces"":484,""scrap_pieces"":11,""fuel_consumption"":49.6,""engine_on_hours"":7.5,""utilization_pct"":85.5,""reliability_pct"":90.5,""line_name"":""Ligne Exploitation""}"
performance,PERF_ENG_CAMION_01_2026-07-13,,"{""machine"":""ENG_CAMION_01"",""period_start"":""2026-07-13T00:00:00+00:00"",""period_end"":""2026-07-13T23:59:00+00:00"",""availability"":89.5,""performance"":83.0,""quality"":98.1,""oee"":72.9,""total_pieces"":491,""scrap_pieces"":12,""fuel_consumption"":49.6,""engine_on_hours"":7.8,""utilization_pct"":86.5,""reliability_pct"":91.5,""line_name"":""Ligne Exploitation""}"
performance,PERF_ENG_CAMION_01_2026-07-14,,"{""machine"":""ENG_CAMION_01"",""period_start"":""2026-07-14T00:00:00+00:00"",""period_end"":""2026-07-14T23:59:00+00:00"",""availability"":90.5,""performance"":85.0,""quality"":96.0,""oee"":73.8,""total_pieces"":498,""scrap_pieces"":5,""fuel_consumption"":49.6,""engine_on_hours"":7.2,""utilization_pct"":87.5,""reliability_pct"":92.5,""line_name"":""Ligne Exploitation""}"
performance,PERF_ENG_CHARIOT_01_2026-07-08,,"{""machine"":""ENG_CHARIOT_01"",""period_start"":""2026-07-08T00:00:00+00:00"",""period_end"":""2026-07-08T23:59:00+00:00"",""availability"":87.5,""performance"":78.0,""quality"":98.1,""oee"":67.0,""total_pieces"":474,""scrap_pieces"":8,""fuel_consumption"":53.4,""engine_on_hours"":7.2,""utilization_pct"":84.5,""reliability_pct"":89.5,""line_name"":""Ligne Exploitation""}"
performance,PERF_ENG_CHARIOT_01_2026-07-09,,"{""machine"":""ENG_CHARIOT_01"",""period_start"":""2026-07-09T00:00:00+00:00"",""period_end"":""2026-07-09T23:59:00+00:00"",""availability"":88.5,""performance"":80.0,""quality"":96.0,""oee"":68.0,""total_pieces"":481,""scrap_pieces"":9,""fuel_consumption"":53.4,""engine_on_hours"":7.5,""utilization_pct"":85.5,""reliability_pct"":90.5,""line_name"":""Ligne Exploitation""}"
performance,PERF_ENG_CHARIOT_01_2026-07-10,,"{""machine"":""ENG_CHARIOT_01"",""period_start"":""2026-07-10T00:00:00+00:00"",""period_end"":""2026-07-10T23:59:00+00:00"",""availability"":89.5,""performance"":82.0,""quality"":96.7,""oee"":71.0,""total_pieces"":488,""scrap_pieces"":10,""fuel_consumption"":53.4,""engine_on_hours"":7.8,""utilization_pct"":86.5,""reliability_pct"":91.5,""line_name"":""Ligne Exploitation""}"
performance,PERF_ENG_CHARIOT_01_2026-07-11,,"{""machine"":""ENG_CHARIOT_01"",""period_start"":""2026-07-11T00:00:00+00:00"",""period_end"":""2026-07-11T23:59:00+00:00"",""availability"":90.5,""performance"":84.0,""quality"":97.4,""oee"":74.0,""total_pieces"":495,""scrap_pieces"":11,""fuel_consumption"":53.4,""engine_on_hours"":7.2,""utilization_pct"":87.5,""reliability_pct"":92.5,""line_name"":""Ligne Exploitation""}"
performance,PERF_ENG_CHARIOT_01_2026-07-12,,"{""machine"":""ENG_CHARIOT_01"",""period_start"":""2026-07-12T00:00:00+00:00"",""period_end"":""2026-07-12T23:59:00+00:00"",""availability"":91.5,""performance"":86.0,""quality"":98.1,""oee"":77.2,""total_pieces"":502,""scrap_pieces"":12,""fuel_consumption"":53.4,""engine_on_hours"":7.5,""utilization_pct"":88.5,""reliability_pct"":93.5,""line_name"":""Ligne Exploitation""}"
performance,PERF_ENG_CHARIOT_01_2026-07-13,,"{""machine"":""ENG_CHARIOT_01"",""period_start"":""2026-07-13T00:00:00+00:00"",""period_end"":""2026-07-13T23:59:00+00:00"",""availability"":92.5,""performance"":88.0,""quality"":96.0,""oee"":78.1,""total_pieces"":509,""scrap_pieces"":5,""fuel_consumption"":53.4,""engine_on_hours"":7.8,""utilization_pct"":89.5,""reliability_pct"":94.5,""line_name"":""Ligne Exploitation""}"
performance,PERF_ENG_CHARIOT_01_2026-07-14,,"{""machine"":""ENG_CHARIOT_01"",""period_start"":""2026-07-14T00:00:00+00:00"",""period_end"":""2026-07-14T23:59:00+00:00"",""availability"":93.5,""performance"":90.0,""quality"":96.7,""oee"":81.4,""total_pieces"":516,""scrap_pieces"":6,""fuel_consumption"":53.4,""engine_on_hours"":7.2,""utilization_pct"":90.5,""reliability_pct"":95.5,""line_name"":""Ligne Exploitation""}"
performance,PERF_MAC_CONCASSEUR_2026-07-08,,"{""machine"":""MAC_CONCASSEUR"",""period_start"":""2026-07-08T00:00:00+00:00"",""period_end"":""2026-07-08T23:59:00+00:00"",""availability"":90.5,""performance"":83.0,""quality"":96.0,""oee"":72.1,""total_pieces"":492,""scrap_pieces"":9,""fuel_consumption"":57.2,""engine_on_hours"":7.2,""utilization_pct"":87.5,""reliability_pct"":92.5,""line_name"":""Ligne Process""}"
performance,PERF_MAC_CONCASSEUR_2026-07-09,,"{""machine"":""MAC_CONCASSEUR"",""period_start"":""2026-07-09T00:00:00+00:00"",""period_end"":""2026-07-09T23:59:00+00:00"",""availability"":91.5,""performance"":85.0,""quality"":96.7,""oee"":75.2,""total_pieces"":499,""scrap_pieces"":10,""fuel_consumption"":57.2,""engine_on_hours"":7.5,""utilization_pct"":88.5,""reliability_pct"":93.5,""line_name"":""Ligne Process""}"
performance,PERF_MAC_CONCASSEUR_2026-07-10,,"{""machine"":""MAC_CONCASSEUR"",""period_start"":""2026-07-10T00:00:00+00:00"",""period_end"":""2026-07-10T23:59:00+00:00"",""availability"":92.5,""performance"":87.0,""quality"":97.4,""oee"":78.4,""total_pieces"":506,""scrap_pieces"":11,""fuel_consumption"":57.2,""engine_on_hours"":7.8,""utilization_pct"":89.5,""reliability_pct"":94.5,""line_name"":""Ligne Process""}"
performance,PERF_MAC_CONCASSEUR_2026-07-11,,"{""machine"":""MAC_CONCASSEUR"",""period_start"":""2026-07-11T00:00:00+00:00"",""period_end"":""2026-07-11T23:59:00+00:00"",""availability"":93.5,""performance"":89.0,""quality"":98.1,""oee"":81.6,""total_pieces"":513,""scrap_pieces"":12,""fuel_consumption"":57.2,""engine_on_hours"":7.2,""utilization_pct"":90.5,""reliability_pct"":95.5,""line_name"":""Ligne Process""}"
performance,PERF_MAC_CONCASSEUR_2026-07-12,,"{""machine"":""MAC_CONCASSEUR"",""period_start"":""2026-07-12T00:00:00+00:00"",""period_end"":""2026-07-12T23:59:00+00:00"",""availability"":94.5,""performance"":91.0,""quality"":96.0,""oee"":82.6,""total_pieces"":520,""scrap_pieces"":5,""fuel_consumption"":57.2,""engine_on_hours"":7.5,""utilization_pct"":91.5,""reliability_pct"":96.5,""line_name"":""Ligne Process""}"
performance,PERF_MAC_CONCASSEUR_2026-07-13,,"{""machine"":""MAC_CONCASSEUR"",""period_start"":""2026-07-13T00:00:00+00:00"",""period_end"":""2026-07-13T23:59:00+00:00"",""availability"":95.5,""performance"":78.0,""quality"":96.7,""oee"":72.0,""total_pieces"":527,""scrap_pieces"":6,""fuel_consumption"":57.2,""engine_on_hours"":7.8,""utilization_pct"":92.5,""reliability_pct"":97.5,""line_name"":""Ligne Process""}"
performance,PERF_MAC_CONCASSEUR_2026-07-14,,"{""machine"":""MAC_CONCASSEUR"",""period_start"":""2026-07-14T00:00:00+00:00"",""period_end"":""2026-07-14T23:59:00+00:00"",""availability"":87.5,""performance"":80.0,""quality"":97.4,""oee"":68.2,""total_pieces"":534,""scrap_pieces"":7,""fuel_consumption"":57.2,""engine_on_hours"":7.2,""utilization_pct"":84.5,""reliability_pct"":89.5,""line_name"":""Ligne Process""}"
performance,PERF_MAC_MALAXEUR_2026-07-08,,"{""machine"":""MAC_MALAXEUR"",""period_start"":""2026-07-08T00:00:00+00:00"",""period_end"":""2026-07-08T23:59:00+00:00"",""availability"":93.5,""performance"":88.0,""quality"":96.7,""oee"":79.6,""total_pieces"":510,""scrap_pieces"":10,""fuel_consumption"":61.0,""engine_on_hours"":7.2,""utilization_pct"":90.5,""reliability_pct"":95.5,""line_name"":""Ligne Process""}"
performance,PERF_MAC_MALAXEUR_2026-07-09,,"{""machine"":""MAC_MALAXEUR"",""period_start"":""2026-07-09T00:00:00+00:00"",""period_end"":""2026-07-09T23:59:00+00:00"",""availability"":94.5,""performance"":90.0,""quality"":97.4,""oee"":82.8,""total_pieces"":517,""scrap_pieces"":11,""fuel_consumption"":61.0,""engine_on_hours"":7.5,""utilization_pct"":91.5,""reliability_pct"":96.5,""line_name"":""Ligne Process""}"
performance,PERF_MAC_MALAXEUR_2026-07-10,,"{""machine"":""MAC_MALAXEUR"",""period_start"":""2026-07-10T00:00:00+00:00"",""period_end"":""2026-07-10T23:59:00+00:00"",""availability"":95.5,""performance"":92.0,""quality"":98.1,""oee"":86.2,""total_pieces"":524,""scrap_pieces"":12,""fuel_consumption"":61.0,""engine_on_hours"":7.8,""utilization_pct"":92.5,""reliability_pct"":97.5,""line_name"":""Ligne Process""}"
performance,PERF_MAC_MALAXEUR_2026-07-11,,"{""machine"":""MAC_MALAXEUR"",""period_start"":""2026-07-11T00:00:00+00:00"",""period_end"":""2026-07-11T23:59:00+00:00"",""availability"":87.5,""performance"":79.0,""quality"":96.0,""oee"":66.4,""total_pieces"":531,""scrap_pieces"":5,""fuel_consumption"":61.0,""engine_on_hours"":7.2,""utilization_pct"":84.5,""reliability_pct"":89.5,""line_name"":""Ligne Process""}"
performance,PERF_MAC_MALAXEUR_2026-07-12,,"{""machine"":""MAC_MALAXEUR"",""period_start"":""2026-07-12T00:00:00+00:00"",""period_end"":""2026-07-12T23:59:00+00:00"",""availability"":88.5,""performance"":81.0,""quality"":96.7,""oee"":69.3,""total_pieces"":538,""scrap_pieces"":6,""fuel_consumption"":61.0,""engine_on_hours"":7.5,""utilization_pct"":85.5,""reliability_pct"":90.5,""line_name"":""Ligne Process""}"
performance,PERF_MAC_MALAXEUR_2026-07-13,,"{""machine"":""MAC_MALAXEUR"",""period_start"":""2026-07-13T00:00:00+00:00"",""period_end"":""2026-07-13T23:59:00+00:00"",""availability"":89.5,""performance"":83.0,""quality"":97.4,""oee"":72.4,""total_pieces"":545,""scrap_pieces"":7,""fuel_consumption"":61.0,""engine_on_hours"":7.8,""utilization_pct"":86.5,""reliability_pct"":91.5,""line_name"":""Ligne Process""}"
performance,PERF_MAC_MALAXEUR_2026-07-14,,"{""machine"":""MAC_MALAXEUR"",""period_start"":""2026-07-14T00:00:00+00:00"",""period_end"":""2026-07-14T23:59:00+00:00"",""availability"":90.5,""performance"":85.0,""quality"":98.1,""oee"":75.5,""total_pieces"":552,""scrap_pieces"":8,""fuel_consumption"":61.0,""engine_on_hours"":7.2,""utilization_pct"":87.5,""reliability_pct"":92.5,""line_name"":""Ligne Process""}"
performance,PERF_MAC_POMPE_2026-07-08,,"{""machine"":""MAC_POMPE"",""period_start"":""2026-07-08T00:00:00+00:00"",""period_end"":""2026-07-08T23:59:00+00:00"",""availability"":87.5,""performance"":78.0,""quality"":97.4,""oee"":66.5,""total_pieces"":528,""scrap_pieces"":11,""fuel_consumption"":64.8,""engine_on_hours"":7.2,""utilization_pct"":84.5,""reliability_pct"":89.5,""line_name"":""Ligne Conditionnement""}"
performance,PERF_MAC_POMPE_2026-07-09,,"{""machine"":""MAC_POMPE"",""period_start"":""2026-07-09T00:00:00+00:00"",""period_end"":""2026-07-09T23:59:00+00:00"",""availability"":88.5,""performance"":80.0,""quality"":98.1,""oee"":69.5,""total_pieces"":535,""scrap_pieces"":12,""fuel_consumption"":64.8,""engine_on_hours"":7.5,""utilization_pct"":85.5,""reliability_pct"":90.5,""line_name"":""Ligne Conditionnement""}"
performance,PERF_MAC_POMPE_2026-07-10,,"{""machine"":""MAC_POMPE"",""period_start"":""2026-07-10T00:00:00+00:00"",""period_end"":""2026-07-10T23:59:00+00:00"",""availability"":89.5,""performance"":82.0,""quality"":96.0,""oee"":70.5,""total_pieces"":542,""scrap_pieces"":5,""fuel_consumption"":64.8,""engine_on_hours"":7.8,""utilization_pct"":86.5,""reliability_pct"":91.5,""line_name"":""Ligne Conditionnement""}"
performance,PERF_MAC_POMPE_2026-07-11,,"{""machine"":""MAC_POMPE"",""period_start"":""2026-07-11T00:00:00+00:00"",""period_end"":""2026-07-11T23:59:00+00:00"",""availability"":90.5,""performance"":84.0,""quality"":96.7,""oee"":73.5,""total_pieces"":549,""scrap_pieces"":6,""fuel_consumption"":64.8,""engine_on_hours"":7.2,""utilization_pct"":87.5,""reliability_pct"":92.5,""line_name"":""Ligne Conditionnement""}"
performance,PERF_MAC_POMPE_2026-07-12,,"{""machine"":""MAC_POMPE"",""period_start"":""2026-07-12T00:00:00+00:00"",""period_end"":""2026-07-12T23:59:00+00:00"",""availability"":91.5,""performance"":86.0,""quality"":97.4,""oee"":76.6,""total_pieces"":556,""scrap_pieces"":7,""fuel_consumption"":64.8,""engine_on_hours"":7.5,""utilization_pct"":88.5,""reliability_pct"":93.5,""line_name"":""Ligne Conditionnement""}"
performance,PERF_MAC_POMPE_2026-07-13,,"{""machine"":""MAC_POMPE"",""period_start"":""2026-07-13T00:00:00+00:00"",""period_end"":""2026-07-13T23:59:00+00:00"",""availability"":92.5,""performance"":88.0,""quality"":98.1,""oee"":79.9,""total_pieces"":563,""scrap_pieces"":8,""fuel_consumption"":64.8,""engine_on_hours"":7.8,""utilization_pct"":89.5,""reliability_pct"":94.5,""line_name"":""Ligne Conditionnement""}"
performance,PERF_MAC_POMPE_2026-07-14,,"{""machine"":""MAC_POMPE"",""period_start"":""2026-07-14T00:00:00+00:00"",""period_end"":""2026-07-14T23:59:00+00:00"",""availability"":93.5,""performance"":90.0,""quality"":96.0,""oee"":80.8,""total_pieces"":570,""scrap_pieces"":9,""fuel_consumption"":64.8,""engine_on_hours"":7.2,""utilization_pct"":90.5,""reliability_pct"":95.5,""line_name"":""Ligne Conditionnement""}"
performance,PERF_MAC_GROUPE_2026-07-08,,"{""machine"":""MAC_GROUPE"",""period_start"":""2026-07-08T00:00:00+00:00"",""period_end"":""2026-07-08T23:59:00+00:00"",""availability"":90.5,""performance"":83.0,""quality"":98.1,""oee"":73.7,""total_pieces"":546,""scrap_pieces"":12,""fuel_consumption"":68.6,""engine_on_hours"":7.2,""utilization_pct"":87.5,""reliability_pct"":92.5,""line_name"":""Ligne Conditionnement""}"
performance,PERF_MAC_GROUPE_2026-07-09,,"{""machine"":""MAC_GROUPE"",""period_start"":""2026-07-09T00:00:00+00:00"",""period_end"":""2026-07-09T23:59:00+00:00"",""availability"":91.5,""performance"":85.0,""quality"":96.0,""oee"":74.7,""total_pieces"":553,""scrap_pieces"":5,""fuel_consumption"":68.6,""engine_on_hours"":7.5,""utilization_pct"":88.5,""reliability_pct"":93.5,""line_name"":""Ligne Conditionnement""}"
performance,PERF_MAC_GROUPE_2026-07-10,,"{""machine"":""MAC_GROUPE"",""period_start"":""2026-07-10T00:00:00+00:00"",""period_end"":""2026-07-10T23:59:00+00:00"",""availability"":92.5,""performance"":87.0,""quality"":96.7,""oee"":77.8,""total_pieces"":560,""scrap_pieces"":6,""fuel_consumption"":68.6,""engine_on_hours"":7.8,""utilization_pct"":89.5,""reliability_pct"":94.5,""line_name"":""Ligne Conditionnement""}"
performance,PERF_MAC_GROUPE_2026-07-11,,"{""machine"":""MAC_GROUPE"",""period_start"":""2026-07-11T00:00:00+00:00"",""period_end"":""2026-07-11T23:59:00+00:00"",""availability"":93.5,""performance"":89.0,""quality"":97.4,""oee"":81.1,""total_pieces"":567,""scrap_pieces"":7,""fuel_consumption"":68.6,""engine_on_hours"":7.2,""utilization_pct"":90.5,""reliability_pct"":95.5,""line_name"":""Ligne Conditionnement""}"
performance,PERF_MAC_GROUPE_2026-07-12,,"{""machine"":""MAC_GROUPE"",""period_start"":""2026-07-12T00:00:00+00:00"",""period_end"":""2026-07-12T23:59:00+00:00"",""availability"":94.5,""performance"":91.0,""quality"":98.1,""oee"":84.4,""total_pieces"":574,""scrap_pieces"":8,""fuel_consumption"":68.6,""engine_on_hours"":7.5,""utilization_pct"":91.5,""reliability_pct"":96.5,""line_name"":""Ligne Conditionnement""}"
performance,PERF_MAC_GROUPE_2026-07-13,,"{""machine"":""MAC_GROUPE"",""period_start"":""2026-07-13T00:00:00+00:00"",""period_end"":""2026-07-13T23:59:00+00:00"",""availability"":95.5,""performance"":78.0,""quality"":96.0,""oee"":71.5,""total_pieces"":581,""scrap_pieces"":9,""fuel_consumption"":68.6,""engine_on_hours"":7.8,""utilization_pct"":92.5,""reliability_pct"":97.5,""line_name"":""Ligne Conditionnement""}"
performance,PERF_MAC_GROUPE_2026-07-14,,"{""machine"":""MAC_GROUPE"",""period_start"":""2026-07-14T00:00:00+00:00"",""period_end"":""2026-07-14T23:59:00+00:00"",""availability"":87.5,""performance"":80.0,""quality"":96.7,""oee"":67.7,""total_pieces"":588,""scrap_pieces"":10,""fuel_consumption"":68.6,""engine_on_hours"":7.2,""utilization_pct"":84.5,""reliability_pct"":89.5,""line_name"":""Ligne Conditionnement""}"
warehouse,WH_DKR,,"{""name"":""Magasin pièces Diamniadio"",""site"":""SITE_DAKAR"",""address"":""Atelier central, Diamniadio"",""capacity"":850,""manager"":""USR_IBRAHIMA""}"
warehouse,WH_THS,,"{""name"":""Entrepôt matières Thiès"",""site"":""SITE_THIES"",""address"":""Dépôt principal, Thiès"",""capacity"":1450,""manager"":""USR_KHADY""}"
spare_part,PDR-TFX-001,,"{""reference"":""PDR-TFX-001"",""name"":""Filtre à huile moteur"",""unit"":""PC"",""quantity"":24,""min_stock"":8,""max_stock"":40,""threshold"":8,""unit_price"":18500,""warehouse"":""WH_DKR"",""manufacturer"":""Caterpillar"",""machine"":""ENG_CHARGEUSE_01"",""location"":""Rayon 1 — niveau 2"",""status"":""DISPONIBLE""}"
spare_part,PDR-TFX-002,,"{""reference"":""PDR-TFX-002"",""name"":""Filtre à carburant"",""unit"":""PC"",""quantity"":12,""min_stock"":10,""max_stock"":35,""threshold"":10,""unit_price"":14500,""warehouse"":""WH_DKR"",""manufacturer"":""Fleetguard"",""machine"":""ENG_CAMION_01"",""location"":""Rayon 2 — niveau 2"",""status"":""DISPONIBLE""}"
spare_part,PDR-TFX-003,,"{""reference"":""PDR-TFX-003"",""name"":""Courroie trapézoïdale"",""unit"":""PC"",""quantity"":7,""min_stock"":5,""max_stock"":20,""threshold"":5,""unit_price"":42000,""warehouse"":""WH_DKR"",""manufacturer"":""Gates"",""machine"":""MAC_CONCASSEUR"",""location"":""Rayon 3 — niveau 2"",""status"":""DISPONIBLE""}"
spare_part,PDR-TFX-004,,"{""reference"":""PDR-TFX-004"",""name"":""Huile hydraulique ISO VG 46"",""unit"":""L"",""quantity"":680,""min_stock"":250,""max_stock"":1200,""threshold"":250,""unit_price"":3200,""warehouse"":""WH_DKR"",""manufacturer"":""TotalEnergies"",""machine"":""ENG_PELLE_01"",""location"":""Rayon 4 — niveau 2"",""status"":""DISPONIBLE""}"
spare_part,PDR-TFX-005,,"{""reference"":""PDR-TFX-005"",""name"":""Graisse haute température"",""unit"":""KG"",""quantity"":95,""min_stock"":30,""max_stock"":180,""threshold"":30,""unit_price"":6500,""warehouse"":""WH_DKR"",""manufacturer"":""Shell"",""machine"":""MAC_MALAXEUR"",""location"":""Rayon 5 — niveau 2"",""status"":""DISPONIBLE""}"
spare_part,PDR-TFX-006,,"{""reference"":""PDR-TFX-006"",""name"":""Plaque d'usure concasseur"",""unit"":""SET"",""quantity"":3,""min_stock"":2,""max_stock"":8,""threshold"":2,""unit_price"":485000,""warehouse"":""WH_DKR"",""manufacturer"":""Metso"",""machine"":""MAC_CONCASSEUR"",""location"":""Rayon 6 — niveau 2"",""status"":""DISPONIBLE""}"
spare_part,MAT-TFX-101,,"{""reference"":""MAT-TFX-101"",""name"":""Ciment CEM II 42,5"",""unit"":""KG"",""quantity"":48500,""min_stock"":15000,""max_stock"":80000,""threshold"":15000,""unit_price"":95,""warehouse"":""WH_THS"",""manufacturer"":""SOCOCIM"",""machine"":""MAC_MALAXEUR"",""location"":""Rayon 1 — niveau 2"",""status"":""DISPONIBLE""}"
spare_part,MAT-TFX-102,,"{""reference"":""MAT-TFX-102"",""name"":""Adjuvant plastifiant"",""unit"":""L"",""quantity"":1250,""min_stock"":400,""max_stock"":2400,""threshold"":400,""unit_price"":1750,""warehouse"":""WH_THS"",""manufacturer"":""Sika"",""machine"":""MAC_MALAXEUR"",""location"":""Rayon 2 — niveau 2"",""status"":""DISPONIBLE""}"
spare_part,PDR-TFX-007,,"{""reference"":""PDR-TFX-007"",""name"":""Pneu poids lourd 12R22.5"",""unit"":""PC"",""quantity"":10,""min_stock"":6,""max_stock"":24,""threshold"":6,""unit_price"":265000,""warehouse"":""WH_THS"",""manufacturer"":""Michelin"",""machine"":""ENG_CAMION_01"",""location"":""Rayon 7 — niveau 2"",""status"":""DISPONIBLE""}"
spare_part,PDR-TFX-008,,"{""reference"":""PDR-TFX-008"",""name"":""Batterie 12 V 180 Ah"",""unit"":""PC"",""quantity"":4,""min_stock"":4,""max_stock"":12,""threshold"":4,""unit_price"":128000,""warehouse"":""WH_THS"",""manufacturer"":""Varta"",""machine"":""MAC_GROUPE"",""location"":""Rayon 8 — niveau 2"",""status"":""DISPONIBLE""}"
stock_movement,MOV-TFX-0001,,"{""reference"":""MOV-TFX-0001"",""spare_part"":""PDR-TFX-001"",""type"":""IN"",""reason"":""PURCHASE"",""quantity"":12,""quantity_before"":12,""quantity_after"":24,""warehouse"":""WH_DKR"",""machine"":""ENG_CHARGEUSE_01"",""unit_cost"":18500,""movement_date"":""2026-07-13T10:00:00+00:00"",""notes"":""Mouvement contrôlé et validé par le magasin Tefix.""}"
stock_movement,MOV-TFX-0002,,"{""reference"":""MOV-TFX-0002"",""spare_part"":""PDR-TFX-002"",""type"":""IN"",""reason"":""PURCHASE"",""quantity"":14,""quantity_before"":-2,""quantity_after"":12,""warehouse"":""WH_DKR"",""machine"":""ENG_CAMION_01"",""unit_cost"":14500,""movement_date"":""2026-07-12T10:00:00+00:00"",""notes"":""Mouvement contrôlé et validé par le magasin Tefix.""}"
stock_movement,MOV-TFX-0003,,"{""reference"":""MOV-TFX-0003"",""spare_part"":""PDR-TFX-003"",""type"":""OUT"",""reason"":""MAINTENANCE"",""quantity"":5,""quantity_before"":12,""quantity_after"":7,""warehouse"":""WH_DKR"",""machine"":""MAC_CONCASSEUR"",""unit_cost"":42000,""movement_date"":""2026-07-11T10:00:00+00:00"",""notes"":""Mouvement contrôlé et validé par le magasin Tefix.""}"
stock_movement,MOV-TFX-0004,,"{""reference"":""MOV-TFX-0004"",""spare_part"":""PDR-TFX-004"",""type"":""IN"",""reason"":""PURCHASE"",""quantity"":18,""quantity_before"":662,""quantity_after"":680,""warehouse"":""WH_DKR"",""machine"":""ENG_PELLE_01"",""unit_cost"":3200,""movement_date"":""2026-07-10T10:00:00+00:00"",""notes"":""Mouvement contrôlé et validé par le magasin Tefix.""}"
stock_movement,MOV-TFX-0005,,"{""reference"":""MOV-TFX-0005"",""spare_part"":""PDR-TFX-005"",""type"":""IN"",""reason"":""PURCHASE"",""quantity"":20,""quantity_before"":75,""quantity_after"":95,""warehouse"":""WH_DKR"",""machine"":""MAC_MALAXEUR"",""unit_cost"":6500,""movement_date"":""2026-07-09T10:00:00+00:00"",""notes"":""Mouvement contrôlé et validé par le magasin Tefix.""}"
stock_movement,MOV-TFX-0006,,"{""reference"":""MOV-TFX-0006"",""spare_part"":""PDR-TFX-006"",""type"":""OUT"",""reason"":""MAINTENANCE"",""quantity"":8,""quantity_before"":11,""quantity_after"":3,""warehouse"":""WH_DKR"",""machine"":""MAC_CONCASSEUR"",""unit_cost"":485000,""movement_date"":""2026-07-08T10:00:00+00:00"",""notes"":""Mouvement contrôlé et validé par le magasin Tefix.""}"
stock_movement,MOV-TFX-0007,,"{""reference"":""MOV-TFX-0007"",""spare_part"":""MAT-TFX-101"",""type"":""IN"",""reason"":""PURCHASE"",""quantity"":24,""quantity_before"":48476,""quantity_after"":48500,""warehouse"":""WH_THS"",""machine"":""MAC_MALAXEUR"",""unit_cost"":95,""movement_date"":""2026-07-07T10:00:00+00:00"",""notes"":""Mouvement contrôlé et validé par le magasin Tefix.""}"
stock_movement,MOV-TFX-0008,,"{""reference"":""MOV-TFX-0008"",""spare_part"":""MAT-TFX-102"",""type"":""IN"",""reason"":""PURCHASE"",""quantity"":26,""quantity_before"":1224,""quantity_after"":1250,""warehouse"":""WH_THS"",""machine"":""MAC_MALAXEUR"",""unit_cost"":1750,""movement_date"":""2026-07-06T10:00:00+00:00"",""notes"":""Mouvement contrôlé et validé par le magasin Tefix.""}"
stock_alert,ALERT_PDR-TFX-002,,"{""spare_part"":""PDR-TFX-002"",""type"":""LOW_STOCK"",""priority"":""HIGH"",""status"":""OPEN"",""current_quantity"":12,""threshold_quantity"":10,""message"":""Le stock de Filtre à carburant approche le seuil de réapprovisionnement.""}"
stock_alert,ALERT_PDR-TFX-008,,"{""spare_part"":""PDR-TFX-008"",""type"":""LOW_STOCK"",""priority"":""HIGH"",""status"":""OPEN"",""current_quantity"":4,""threshold_quantity"":4,""message"":""Le stock de Batterie 12 V 180 Ah approche le seuil de réapprovisionnement.""}"
collect_template,CT_PROD,,"{""name"":""Relevé journalier de production"",""type"":""PRODUCTION"",""workplace"":""WP_CONCASSAGE"",""description"":""Formulaire Tefix — relevé journalier de production."",""duration"":45,""checklist"":[""Vérifier le compteur initial"",""Saisir le tonnage produit"",""Enregistrer les arrêts"",""Valider les rebuts""]}"
collect_template,CT_MAINT,,"{""name"":""Inspection préventive des engins"",""type"":""MAINTENANCE"",""workplace"":""WP_MAINT"",""description"":""Formulaire Tefix — inspection préventive des engins."",""duration"":45,""checklist"":[""Contrôler les niveaux"",""Vérifier les organes de sécurité"",""Relever les heures moteur"",""Signaler les anomalies""]}"
collect_template,CT_QUAL,,"{""name"":""Contrôle qualité béton"",""type"":""QUALITE"",""workplace"":""WP_BETON"",""description"":""Formulaire Tefix — contrôle qualité béton."",""duration"":45,""checklist"":[""Contrôler l'affaissement"",""Prélever les éprouvettes"",""Vérifier la température"",""Valider le lot""]}"
collect,COL-TFX-001,,"{""reference"":""COL-TFX-001"",""template"":""CT_PROD"",""title"":""Suivi production — équipe du matin"",""status"":""VALIDEE"",""priority"":""NORMALE"",""assigned_to"":""USR_MAMADOU"",""workplace"":""WP_CONCASSAGE"",""machine"":""MAC_CONCASSEUR"",""scheduled_start"":""2026-07-09T07:00:00+00:00"",""scheduled_end"":""2026-07-09T15:00:00+00:00"",""progress"":100,""data"":{""tonnage_t"":385,""heures_marche"":7.4,""arret_minutes"":36,""conformite_pct"":97.5,""commentaire"":""Données vérifiées par le responsable de quart.""}}"
collect,COL-TFX-002,,"{""reference"":""COL-TFX-002"",""template"":""CT_MAINT"",""title"":""Inspection chargeuse 950 GC"",""status"":""TERMINEE"",""priority"":""ELEVEE"",""assigned_to"":""USR_IBRAHIMA"",""workplace"":""WP_MAINT"",""machine"":""ENG_CHARGEUSE_01"",""scheduled_start"":""2026-07-10T07:00:00+00:00"",""scheduled_end"":""2026-07-10T15:00:00+00:00"",""progress"":100,""data"":{""tonnage_t"":397,""heures_marche"":7.4,""arret_minutes"":34,""conformite_pct"":98.1,""commentaire"":""Données vérifiées par le responsable de quart.""}}"
collect,COL-TFX-003,,"{""reference"":""COL-TFX-003"",""template"":""CT_QUAL"",""title"":""Contrôle béton lot B26-071"",""status"":""VALIDEE"",""priority"":""NORMALE"",""assigned_to"":""USR_FATOUMATA"",""workplace"":""WP_BETON"",""machine"":""MAC_MALAXEUR"",""scheduled_start"":""2026-07-11T07:00:00+00:00"",""scheduled_end"":""2026-07-11T15:00:00+00:00"",""progress"":100,""data"":{""tonnage_t"":409,""heures_marche"":7.4,""arret_minutes"":32,""conformite_pct"":98.7,""commentaire"":""Données vérifiées par le responsable de quart.""}}"
collect,COL-TFX-004,,"{""reference"":""COL-TFX-004"",""template"":""CT_PROD"",""title"":""Suivi production — équipe après-midi"",""status"":""EN_COURS"",""priority"":""NORMALE"",""assigned_to"":""USR_MARIAMA"",""workplace"":""WP_CONCASSAGE"",""machine"":""MAC_CONCASSEUR"",""scheduled_start"":""2026-07-12T07:00:00+00:00"",""scheduled_end"":""2026-07-12T15:00:00+00:00"",""progress"":65,""data"":{""tonnage_t"":421,""heures_marche"":7.4,""arret_minutes"":30,""conformite_pct"":97.5,""commentaire"":""Données vérifiées par le responsable de quart.""}}"
collect,COL-TFX-005,,"{""reference"":""COL-TFX-005"",""template"":""CT_MAINT"",""title"":""Inspection pelle PC210"",""status"":""NON_CONFORME"",""priority"":""URGENTE"",""assigned_to"":""USR_IBRAHIMA"",""workplace"":""WP_MAINT"",""machine"":""ENG_PELLE_01"",""scheduled_start"":""2026-07-13T07:00:00+00:00"",""scheduled_end"":""2026-07-13T15:00:00+00:00"",""progress"":100,""data"":{""tonnage_t"":433,""heures_marche"":7.4,""arret_minutes"":28,""conformite_pct"":98.1,""commentaire"":""Données vérifiées par le responsable de quart.""}}"
collect,COL-TFX-006,,"{""reference"":""COL-TFX-006"",""template"":""CT_QUAL"",""title"":""Contrôle béton lot B26-072"",""status"":""PLANIFIEE"",""priority"":""NORMALE"",""assigned_to"":""USR_FATOUMATA"",""workplace"":""WP_BETON"",""machine"":""MAC_MALAXEUR"",""scheduled_start"":""2026-07-14T07:00:00+00:00"",""scheduled_end"":""2026-07-14T15:00:00+00:00"",""progress"":0,""data"":{""tonnage_t"":445,""heures_marche"":7.4,""arret_minutes"":26,""conformite_pct"":98.7,""commentaire"":""Données vérifiées par le responsable de quart.""}}"
pointage,PTG_2026-07-14_00,,"{""project"":""PRJ_DAKAR_2026"",""date"":""2026-07-14"",""last_name"":""Ndiaye"",""first_name"":""Abdou"",""function"":""Responsable d'exploitation"",""presence"":""ABSENT"",""worked_hours"":0,""overtime_hours"":0,""daily_cost"":45000,""hourly_cost"":5600,""notes"":""Pointage validé par le responsable de site.""}"
pointage,PTG_2026-07-14_01,,"{""project"":""PRJ_DAKAR_2026"",""date"":""2026-07-14"",""last_name"":""Diop"",""first_name"":""Awa"",""function"":""Cheffe de production"",""presence"":""PRESENT"",""worked_hours"":8,""overtime_hours"":0,""daily_cost"":38000,""hourly_cost"":4750,""notes"":""Pointage validé par le responsable de site.""}"
pointage,PTG_2026-07-14_02,,"{""project"":""PRJ_DAKAR_2026"",""date"":""2026-07-14"",""last_name"":""Ba"",""first_name"":""Mamadou"",""function"":""Chef d'équipe"",""presence"":""PRESENT"",""worked_hours"":8,""overtime_hours"":0,""daily_cost"":30000,""hourly_cost"":3750,""notes"":""Pointage validé par le responsable de site.""}"
pointage,PTG_2026-07-14_03,,"{""project"":""PRJ_DAKAR_2026"",""date"":""2026-07-14"",""last_name"":""Sarr"",""first_name"":""Fatoumata"",""function"":""Responsable qualité"",""presence"":""PRESENT"",""worked_hours"":8,""overtime_hours"":0,""daily_cost"":34000,""hourly_cost"":4250,""notes"":""Pointage validé par le responsable de site.""}"
pointage,PTG_2026-07-14_04,,"{""project"":""PRJ_DAKAR_2026"",""date"":""2026-07-14"",""last_name"":""Fall"",""first_name"":""Ibrahima"",""function"":""Technicien maintenance"",""presence"":""PRESENT"",""worked_hours"":8,""overtime_hours"":0,""daily_cost"":28000,""hourly_cost"":3500,""notes"":""Pointage validé par le responsable de site.""}"
pointage,PTG_2026-07-14_05,,"{""project"":""PRJ_DAKAR_2026"",""date"":""2026-07-14"",""last_name"":""Sy"",""first_name"":""Khady"",""function"":""Magasinière"",""presence"":""PRESENT"",""worked_hours"":8,""overtime_hours"":0,""daily_cost"":24000,""hourly_cost"":3000,""notes"":""Pointage validé par le responsable de site.""}"
pointage,PTG_2026-07-14_06,,"{""project"":""PRJ_DAKAR_2026"",""date"":""2026-07-14"",""last_name"":""Gueye"",""first_name"":""Cheikh"",""function"":""Conducteur d'engin"",""presence"":""PRESENT"",""worked_hours"":8,""overtime_hours"":0,""daily_cost"":26000,""hourly_cost"":3250,""notes"":""Pointage validé par le responsable de site.""}"
pointage,PTG_2026-07-14_07,,"{""project"":""PRJ_DEPOT_THIES"",""date"":""2026-07-14"",""last_name"":""Cissé"",""first_name"":""Mariama"",""function"":""Opératrice de production"",""presence"":""PRESENT"",""worked_hours"":8,""overtime_hours"":1.5,""daily_cost"":22000,""hourly_cost"":2750,""notes"":""Pointage validé par le responsable de site.""}"
pointage,PTG_2026-07-14_08,,"{""project"":""PRJ_DEPOT_THIES"",""date"":""2026-07-14"",""last_name"":""Diallo"",""first_name"":""Ousmane"",""function"":""Chauffeur-livreur"",""presence"":""PRESENT"",""worked_hours"":8,""overtime_hours"":0,""daily_cost"":25000,""hourly_cost"":3125,""notes"":""Pointage validé par le responsable de site.""}"
pointage,PTG_2026-07-14_09,,"{""project"":""PRJ_DEPOT_THIES"",""date"":""2026-07-14"",""last_name"":""Seck"",""first_name"":""Ndèye"",""function"":""Assistante administrative"",""presence"":""PRESENT"",""worked_hours"":8,""overtime_hours"":0,""daily_cost"":23000,""hourly_cost"":2875,""notes"":""Pointage validé par le responsable de site.""}"
pointage,PTG_2026-07-13_00,,"{""project"":""PRJ_DAKAR_2026"",""date"":""2026-07-13"",""last_name"":""Ndiaye"",""first_name"":""Abdou"",""function"":""Responsable d'exploitation"",""presence"":""PRESENT"",""worked_hours"":8,""overtime_hours"":0,""daily_cost"":45000,""hourly_cost"":5600,""notes"":""Pointage validé par le responsable de site.""}"
pointage,PTG_2026-07-13_01,,"{""project"":""PRJ_DAKAR_2026"",""date"":""2026-07-13"",""last_name"":""Diop"",""first_name"":""Awa"",""function"":""Cheffe de production"",""presence"":""PRESENT"",""worked_hours"":8,""overtime_hours"":0,""daily_cost"":38000,""hourly_cost"":4750,""notes"":""Pointage validé par le responsable de site.""}"
pointage,PTG_2026-07-13_02,,"{""project"":""PRJ_DAKAR_2026"",""date"":""2026-07-13"",""last_name"":""Ba"",""first_name"":""Mamadou"",""function"":""Chef d'équipe"",""presence"":""PRESENT"",""worked_hours"":8,""overtime_hours"":0,""daily_cost"":30000,""hourly_cost"":3750,""notes"":""Pointage validé par le responsable de site.""}"
pointage,PTG_2026-07-13_03,,"{""project"":""PRJ_DAKAR_2026"",""date"":""2026-07-13"",""last_name"":""Sarr"",""first_name"":""Fatoumata"",""function"":""Responsable qualité"",""presence"":""PRESENT"",""worked_hours"":8,""overtime_hours"":0,""daily_cost"":34000,""hourly_cost"":4250,""notes"":""Pointage validé par le responsable de site.""}"
pointage,PTG_2026-07-13_04,,"{""project"":""PRJ_DAKAR_2026"",""date"":""2026-07-13"",""last_name"":""Fall"",""first_name"":""Ibrahima"",""function"":""Technicien maintenance"",""presence"":""PRESENT"",""worked_hours"":8,""overtime_hours"":0,""daily_cost"":28000,""hourly_cost"":3500,""notes"":""Pointage validé par le responsable de site.""}"
pointage,PTG_2026-07-13_05,,"{""project"":""PRJ_DAKAR_2026"",""date"":""2026-07-13"",""last_name"":""Sy"",""first_name"":""Khady"",""function"":""Magasinière"",""presence"":""PRESENT"",""worked_hours"":8,""overtime_hours"":0,""daily_cost"":24000,""hourly_cost"":3000,""notes"":""Pointage validé par le responsable de site.""}"
pointage,PTG_2026-07-13_06,,"{""project"":""PRJ_DAKAR_2026"",""date"":""2026-07-13"",""last_name"":""Gueye"",""first_name"":""Cheikh"",""function"":""Conducteur d'engin"",""presence"":""PRESENT"",""worked_hours"":8,""overtime_hours"":1.5,""daily_cost"":26000,""hourly_cost"":3250,""notes"":""Pointage validé par le responsable de site.""}"
pointage,PTG_2026-07-13_07,,"{""project"":""PRJ_DEPOT_THIES"",""date"":""2026-07-13"",""last_name"":""Cissé"",""first_name"":""Mariama"",""function"":""Opératrice de production"",""presence"":""PRESENT"",""worked_hours"":8,""overtime_hours"":0,""daily_cost"":22000,""hourly_cost"":2750,""notes"":""Pointage validé par le responsable de site.""}"
pointage,PTG_2026-07-13_08,,"{""project"":""PRJ_DEPOT_THIES"",""date"":""2026-07-13"",""last_name"":""Diallo"",""first_name"":""Ousmane"",""function"":""Chauffeur-livreur"",""presence"":""PRESENT"",""worked_hours"":8,""overtime_hours"":0,""daily_cost"":25000,""hourly_cost"":3125,""notes"":""Pointage validé par le responsable de site.""}"
pointage,PTG_2026-07-13_09,,"{""project"":""PRJ_DEPOT_THIES"",""date"":""2026-07-13"",""last_name"":""Seck"",""first_name"":""Ndèye"",""function"":""Assistante administrative"",""presence"":""PRESENT"",""worked_hours"":8,""overtime_hours"":0,""daily_cost"":23000,""hourly_cost"":2875,""notes"":""Pointage validé par le responsable de site.""}"
pointage,PTG_2026-07-11_00,,"{""project"":""PRJ_DAKAR_2026"",""date"":""2026-07-11"",""last_name"":""Ndiaye"",""first_name"":""Abdou"",""function"":""Responsable d'exploitation"",""presence"":""PRESENT"",""worked_hours"":8,""overtime_hours"":0,""daily_cost"":45000,""hourly_cost"":5600,""notes"":""Pointage validé par le responsable de site.""}"
pointage,PTG_2026-07-11_01,,"{""project"":""PRJ_DAKAR_2026"",""date"":""2026-07-11"",""last_name"":""Diop"",""first_name"":""Awa"",""function"":""Cheffe de production"",""presence"":""PRESENT"",""worked_hours"":8,""overtime_hours"":0,""daily_cost"":38000,""hourly_cost"":4750,""notes"":""Pointage validé par le responsable de site.""}"
pointage,PTG_2026-07-11_02,,"{""project"":""PRJ_DAKAR_2026"",""date"":""2026-07-11"",""last_name"":""Ba"",""first_name"":""Mamadou"",""function"":""Chef d'équipe"",""presence"":""PRESENT"",""worked_hours"":8,""overtime_hours"":0,""daily_cost"":30000,""hourly_cost"":3750,""notes"":""Pointage validé par le responsable de site.""}"
pointage,PTG_2026-07-11_03,,"{""project"":""PRJ_DAKAR_2026"",""date"":""2026-07-11"",""last_name"":""Sarr"",""first_name"":""Fatoumata"",""function"":""Responsable qualité"",""presence"":""PRESENT"",""worked_hours"":8,""overtime_hours"":0,""daily_cost"":34000,""hourly_cost"":4250,""notes"":""Pointage validé par le responsable de site.""}"
pointage,PTG_2026-07-11_04,,"{""project"":""PRJ_DAKAR_2026"",""date"":""2026-07-11"",""last_name"":""Fall"",""first_name"":""Ibrahima"",""function"":""Technicien maintenance"",""presence"":""PRESENT"",""worked_hours"":8,""overtime_hours"":1.5,""daily_cost"":28000,""hourly_cost"":3500,""notes"":""Pointage validé par le responsable de site.""}"
pointage,PTG_2026-07-11_05,,"{""project"":""PRJ_DAKAR_2026"",""date"":""2026-07-11"",""last_name"":""Sy"",""first_name"":""Khady"",""function"":""Magasinière"",""presence"":""PRESENT"",""worked_hours"":8,""overtime_hours"":0,""daily_cost"":24000,""hourly_cost"":3000,""notes"":""Pointage validé par le responsable de site.""}"
pointage,PTG_2026-07-11_06,,"{""project"":""PRJ_DAKAR_2026"",""date"":""2026-07-11"",""last_name"":""Gueye"",""first_name"":""Cheikh"",""function"":""Conducteur d'engin"",""presence"":""PRESENT"",""worked_hours"":8,""overtime_hours"":0,""daily_cost"":26000,""hourly_cost"":3250,""notes"":""Pointage validé par le responsable de site.""}"
pointage,PTG_2026-07-11_07,,"{""project"":""PRJ_DEPOT_THIES"",""date"":""2026-07-11"",""last_name"":""Cissé"",""first_name"":""Mariama"",""function"":""Opératrice de production"",""presence"":""PRESENT"",""worked_hours"":8,""overtime_hours"":0,""daily_cost"":22000,""hourly_cost"":2750,""notes"":""Pointage validé par le responsable de site.""}"
pointage,PTG_2026-07-11_08,,"{""project"":""PRJ_DEPOT_THIES"",""date"":""2026-07-11"",""last_name"":""Diallo"",""first_name"":""Ousmane"",""function"":""Chauffeur-livreur"",""presence"":""PRESENT"",""worked_hours"":8,""overtime_hours"":0,""daily_cost"":25000,""hourly_cost"":3125,""notes"":""Pointage validé par le responsable de site.""}"
pointage,PTG_2026-07-11_09,,"{""project"":""PRJ_DEPOT_THIES"",""date"":""2026-07-11"",""last_name"":""Seck"",""first_name"":""Ndèye"",""function"":""Assistante administrative"",""presence"":""PRESENT"",""worked_hours"":8,""overtime_hours"":0,""daily_cost"":23000,""hourly_cost"":2875,""notes"":""Pointage validé par le responsable de site.""}"
pointage,PTG_2026-07-10_00,,"{""project"":""PRJ_DAKAR_2026"",""date"":""2026-07-10"",""last_name"":""Ndiaye"",""first_name"":""Abdou"",""function"":""Responsable d'exploitation"",""presence"":""PRESENT"",""worked_hours"":8,""overtime_hours"":0,""daily_cost"":45000,""hourly_cost"":5600,""notes"":""Pointage validé par le responsable de site.""}"
pointage,PTG_2026-07-10_01,,"{""project"":""PRJ_DAKAR_2026"",""date"":""2026-07-10"",""last_name"":""Diop"",""first_name"":""Awa"",""function"":""Cheffe de production"",""presence"":""PRESENT"",""worked_hours"":8,""overtime_hours"":0,""daily_cost"":38000,""hourly_cost"":4750,""notes"":""Pointage validé par le responsable de site.""}"
pointage,PTG_2026-07-10_02,,"{""project"":""PRJ_DAKAR_2026"",""date"":""2026-07-10"",""last_name"":""Ba"",""first_name"":""Mamadou"",""function"":""Chef d'équipe"",""presence"":""PRESENT"",""worked_hours"":8,""overtime_hours"":0,""daily_cost"":30000,""hourly_cost"":3750,""notes"":""Pointage validé par le responsable de site.""}"
pointage,PTG_2026-07-10_03,,"{""project"":""PRJ_DAKAR_2026"",""date"":""2026-07-10"",""last_name"":""Sarr"",""first_name"":""Fatoumata"",""function"":""Responsable qualité"",""presence"":""PRESENT"",""worked_hours"":8,""overtime_hours"":1.5,""daily_cost"":34000,""hourly_cost"":4250,""notes"":""Pointage validé par le responsable de site.""}"
pointage,PTG_2026-07-10_04,,"{""project"":""PRJ_DAKAR_2026"",""date"":""2026-07-10"",""last_name"":""Fall"",""first_name"":""Ibrahima"",""function"":""Technicien maintenance"",""presence"":""PRESENT"",""worked_hours"":8,""overtime_hours"":0,""daily_cost"":28000,""hourly_cost"":3500,""notes"":""Pointage validé par le responsable de site.""}"
pointage,PTG_2026-07-10_05,,"{""project"":""PRJ_DAKAR_2026"",""date"":""2026-07-10"",""last_name"":""Sy"",""first_name"":""Khady"",""function"":""Magasinière"",""presence"":""PRESENT"",""worked_hours"":8,""overtime_hours"":0,""daily_cost"":24000,""hourly_cost"":3000,""notes"":""Pointage validé par le responsable de site.""}"
pointage,PTG_2026-07-10_06,,"{""project"":""PRJ_DAKAR_2026"",""date"":""2026-07-10"",""last_name"":""Gueye"",""first_name"":""Cheikh"",""function"":""Conducteur d'engin"",""presence"":""PRESENT"",""worked_hours"":8,""overtime_hours"":0,""daily_cost"":26000,""hourly_cost"":3250,""notes"":""Pointage validé par le responsable de site.""}"
pointage,PTG_2026-07-10_07,,"{""project"":""PRJ_DEPOT_THIES"",""date"":""2026-07-10"",""last_name"":""Cissé"",""first_name"":""Mariama"",""function"":""Opératrice de production"",""presence"":""PRESENT"",""worked_hours"":8,""overtime_hours"":0,""daily_cost"":22000,""hourly_cost"":2750,""notes"":""Pointage validé par le responsable de site.""}"
pointage,PTG_2026-07-10_08,,"{""project"":""PRJ_DEPOT_THIES"",""date"":""2026-07-10"",""last_name"":""Diallo"",""first_name"":""Ousmane"",""function"":""Chauffeur-livreur"",""presence"":""PRESENT"",""worked_hours"":8,""overtime_hours"":0,""daily_cost"":25000,""hourly_cost"":3125,""notes"":""Pointage validé par le responsable de site.""}"
pointage,PTG_2026-07-10_09,,"{""project"":""PRJ_DEPOT_THIES"",""date"":""2026-07-10"",""last_name"":""Seck"",""first_name"":""Ndèye"",""function"":""Assistante administrative"",""presence"":""PRESENT"",""worked_hours"":8,""overtime_hours"":0,""daily_cost"":23000,""hourly_cost"":2875,""notes"":""Pointage validé par le responsable de site.""}"
pointage,PTG_2026-07-09_00,,"{""project"":""PRJ_DAKAR_2026"",""date"":""2026-07-09"",""last_name"":""Ndiaye"",""first_name"":""Abdou"",""function"":""Responsable d'exploitation"",""presence"":""PRESENT"",""worked_hours"":8,""overtime_hours"":0,""daily_cost"":45000,""hourly_cost"":5600,""notes"":""Pointage validé par le responsable de site.""}"
pointage,PTG_2026-07-09_01,,"{""project"":""PRJ_DAKAR_2026"",""date"":""2026-07-09"",""last_name"":""Diop"",""first_name"":""Awa"",""function"":""Cheffe de production"",""presence"":""PRESENT"",""worked_hours"":8,""overtime_hours"":0,""daily_cost"":38000,""hourly_cost"":4750,""notes"":""Pointage validé par le responsable de site.""}"
pointage,PTG_2026-07-09_02,,"{""project"":""PRJ_DAKAR_2026"",""date"":""2026-07-09"",""last_name"":""Ba"",""first_name"":""Mamadou"",""function"":""Chef d'équipe"",""presence"":""PRESENT"",""worked_hours"":8,""overtime_hours"":1.5,""daily_cost"":30000,""hourly_cost"":3750,""notes"":""Pointage validé par le responsable de site.""}"
pointage,PTG_2026-07-09_03,,"{""project"":""PRJ_DAKAR_2026"",""date"":""2026-07-09"",""last_name"":""Sarr"",""first_name"":""Fatoumata"",""function"":""Responsable qualité"",""presence"":""PRESENT"",""worked_hours"":8,""overtime_hours"":0,""daily_cost"":34000,""hourly_cost"":4250,""notes"":""Pointage validé par le responsable de site.""}"
pointage,PTG_2026-07-09_04,,"{""project"":""PRJ_DAKAR_2026"",""date"":""2026-07-09"",""last_name"":""Fall"",""first_name"":""Ibrahima"",""function"":""Technicien maintenance"",""presence"":""PRESENT"",""worked_hours"":8,""overtime_hours"":0,""daily_cost"":28000,""hourly_cost"":3500,""notes"":""Pointage validé par le responsable de site.""}"
pointage,PTG_2026-07-09_05,,"{""project"":""PRJ_DAKAR_2026"",""date"":""2026-07-09"",""last_name"":""Sy"",""first_name"":""Khady"",""function"":""Magasinière"",""presence"":""PRESENT"",""worked_hours"":8,""overtime_hours"":0,""daily_cost"":24000,""hourly_cost"":3000,""notes"":""Pointage validé par le responsable de site.""}"
pointage,PTG_2026-07-09_06,,"{""project"":""PRJ_DAKAR_2026"",""date"":""2026-07-09"",""last_name"":""Gueye"",""first_name"":""Cheikh"",""function"":""Conducteur d'engin"",""presence"":""PRESENT"",""worked_hours"":8,""overtime_hours"":0,""daily_cost"":26000,""hourly_cost"":3250,""notes"":""Pointage validé par le responsable de site.""}"
pointage,PTG_2026-07-09_07,,"{""project"":""PRJ_DEPOT_THIES"",""date"":""2026-07-09"",""last_name"":""Cissé"",""first_name"":""Mariama"",""function"":""Opératrice de production"",""presence"":""PRESENT"",""worked_hours"":8,""overtime_hours"":0,""daily_cost"":22000,""hourly_cost"":2750,""notes"":""Pointage validé par le responsable de site.""}"
pointage,PTG_2026-07-09_08,,"{""project"":""PRJ_DEPOT_THIES"",""date"":""2026-07-09"",""last_name"":""Diallo"",""first_name"":""Ousmane"",""function"":""Chauffeur-livreur"",""presence"":""PRESENT"",""worked_hours"":8,""overtime_hours"":0,""daily_cost"":25000,""hourly_cost"":3125,""notes"":""Pointage validé par le responsable de site.""}"
pointage,PTG_2026-07-09_09,,"{""project"":""PRJ_DEPOT_THIES"",""date"":""2026-07-09"",""last_name"":""Seck"",""first_name"":""Ndèye"",""function"":""Assistante administrative"",""presence"":""PRESENT"",""worked_hours"":8,""overtime_hours"":1.5,""daily_cost"":23000,""hourly_cost"":2875,""notes"":""Pointage validé par le responsable de site.""}"
pointage,PTG_2026-07-08_00,,"{""project"":""PRJ_DAKAR_2026"",""date"":""2026-07-08"",""last_name"":""Ndiaye"",""first_name"":""Abdou"",""function"":""Responsable d'exploitation"",""presence"":""PRESENT"",""worked_hours"":8,""overtime_hours"":0,""daily_cost"":45000,""hourly_cost"":5600,""notes"":""Pointage validé par le responsable de site.""}"
pointage,PTG_2026-07-08_01,,"{""project"":""PRJ_DAKAR_2026"",""date"":""2026-07-08"",""last_name"":""Diop"",""first_name"":""Awa"",""function"":""Cheffe de production"",""presence"":""PRESENT"",""worked_hours"":8,""overtime_hours"":1.5,""daily_cost"":38000,""hourly_cost"":4750,""notes"":""Pointage validé par le responsable de site.""}"
pointage,PTG_2026-07-08_02,,"{""project"":""PRJ_DAKAR_2026"",""date"":""2026-07-08"",""last_name"":""Ba"",""first_name"":""Mamadou"",""function"":""Chef d'équipe"",""presence"":""PRESENT"",""worked_hours"":8,""overtime_hours"":0,""daily_cost"":30000,""hourly_cost"":3750,""notes"":""Pointage validé par le responsable de site.""}"
pointage,PTG_2026-07-08_03,,"{""project"":""PRJ_DAKAR_2026"",""date"":""2026-07-08"",""last_name"":""Sarr"",""first_name"":""Fatoumata"",""function"":""Responsable qualité"",""presence"":""PRESENT"",""worked_hours"":8,""overtime_hours"":0,""daily_cost"":34000,""hourly_cost"":4250,""notes"":""Pointage validé par le responsable de site.""}"
pointage,PTG_2026-07-08_04,,"{""project"":""PRJ_DAKAR_2026"",""date"":""2026-07-08"",""last_name"":""Fall"",""first_name"":""Ibrahima"",""function"":""Technicien maintenance"",""presence"":""PRESENT"",""worked_hours"":8,""overtime_hours"":0,""daily_cost"":28000,""hourly_cost"":3500,""notes"":""Pointage validé par le responsable de site.""}"
pointage,PTG_2026-07-08_05,,"{""project"":""PRJ_DAKAR_2026"",""date"":""2026-07-08"",""last_name"":""Sy"",""first_name"":""Khady"",""function"":""Magasinière"",""presence"":""PRESENT"",""worked_hours"":8,""overtime_hours"":0,""daily_cost"":24000,""hourly_cost"":3000,""notes"":""Pointage validé par le responsable de site.""}"
pointage,PTG_2026-07-08_06,,"{""project"":""PRJ_DAKAR_2026"",""date"":""2026-07-08"",""last_name"":""Gueye"",""first_name"":""Cheikh"",""function"":""Conducteur d'engin"",""presence"":""PRESENT"",""worked_hours"":8,""overtime_hours"":0,""daily_cost"":26000,""hourly_cost"":3250,""notes"":""Pointage validé par le responsable de site.""}"
pointage,PTG_2026-07-08_07,,"{""project"":""PRJ_DEPOT_THIES"",""date"":""2026-07-08"",""last_name"":""Cissé"",""first_name"":""Mariama"",""function"":""Opératrice de production"",""presence"":""PRESENT"",""worked_hours"":8,""overtime_hours"":0,""daily_cost"":22000,""hourly_cost"":2750,""notes"":""Pointage validé par le responsable de site.""}"
pointage,PTG_2026-07-08_08,,"{""project"":""PRJ_DEPOT_THIES"",""date"":""2026-07-08"",""last_name"":""Diallo"",""first_name"":""Ousmane"",""function"":""Chauffeur-livreur"",""presence"":""PRESENT"",""worked_hours"":8,""overtime_hours"":1.5,""daily_cost"":25000,""hourly_cost"":3125,""notes"":""Pointage validé par le responsable de site.""}"
pointage,PTG_2026-07-08_09,,"{""project"":""PRJ_DEPOT_THIES"",""date"":""2026-07-08"",""last_name"":""Seck"",""first_name"":""Ndèye"",""function"":""Assistante administrative"",""presence"":""PRESENT"",""worked_hours"":8,""overtime_hours"":0,""daily_cost"":23000,""hourly_cost"":2875,""notes"":""Pointage validé par le responsable de site.""}"
pointage,PTG_2026-07-07_00,,"{""project"":""PRJ_DAKAR_2026"",""date"":""2026-07-07"",""last_name"":""Ndiaye"",""first_name"":""Abdou"",""function"":""Responsable d'exploitation"",""presence"":""PRESENT"",""worked_hours"":8,""overtime_hours"":1.5,""daily_cost"":45000,""hourly_cost"":5600,""notes"":""Pointage validé par le responsable de site.""}"
pointage,PTG_2026-07-07_01,,"{""project"":""PRJ_DAKAR_2026"",""date"":""2026-07-07"",""last_name"":""Diop"",""first_name"":""Awa"",""function"":""Cheffe de production"",""presence"":""PRESENT"",""worked_hours"":8,""overtime_hours"":0,""daily_cost"":38000,""hourly_cost"":4750,""notes"":""Pointage validé par le responsable de site.""}"
pointage,PTG_2026-07-07_02,,"{""project"":""PRJ_DAKAR_2026"",""date"":""2026-07-07"",""last_name"":""Ba"",""first_name"":""Mamadou"",""function"":""Chef d'équipe"",""presence"":""PRESENT"",""worked_hours"":8,""overtime_hours"":0,""daily_cost"":30000,""hourly_cost"":3750,""notes"":""Pointage validé par le responsable de site.""}"
pointage,PTG_2026-07-07_03,,"{""project"":""PRJ_DAKAR_2026"",""date"":""2026-07-07"",""last_name"":""Sarr"",""first_name"":""Fatoumata"",""function"":""Responsable qualité"",""presence"":""PRESENT"",""worked_hours"":8,""overtime_hours"":0,""daily_cost"":34000,""hourly_cost"":4250,""notes"":""Pointage validé par le responsable de site.""}"
pointage,PTG_2026-07-07_04,,"{""project"":""PRJ_DAKAR_2026"",""date"":""2026-07-07"",""last_name"":""Fall"",""first_name"":""Ibrahima"",""function"":""Technicien maintenance"",""presence"":""PRESENT"",""worked_hours"":8,""overtime_hours"":0,""daily_cost"":28000,""hourly_cost"":3500,""notes"":""Pointage validé par le responsable de site.""}"
pointage,PTG_2026-07-07_05,,"{""project"":""PRJ_DAKAR_2026"",""date"":""2026-07-07"",""last_name"":""Sy"",""first_name"":""Khady"",""function"":""Magasinière"",""presence"":""PRESENT"",""worked_hours"":8,""overtime_hours"":0,""daily_cost"":24000,""hourly_cost"":3000,""notes"":""Pointage validé par le responsable de site.""}"
pointage,PTG_2026-07-07_06,,"{""project"":""PRJ_DAKAR_2026"",""date"":""2026-07-07"",""last_name"":""Gueye"",""first_name"":""Cheikh"",""function"":""Conducteur d'engin"",""presence"":""PRESENT"",""worked_hours"":8,""overtime_hours"":0,""daily_cost"":26000,""hourly_cost"":3250,""notes"":""Pointage validé par le responsable de site.""}"
pointage,PTG_2026-07-07_07,,"{""project"":""PRJ_DEPOT_THIES"",""date"":""2026-07-07"",""last_name"":""Cissé"",""first_name"":""Mariama"",""function"":""Opératrice de production"",""presence"":""PRESENT"",""worked_hours"":8,""overtime_hours"":1.5,""daily_cost"":22000,""hourly_cost"":2750,""notes"":""Pointage validé par le responsable de site.""}"
pointage,PTG_2026-07-07_08,,"{""project"":""PRJ_DEPOT_THIES"",""date"":""2026-07-07"",""last_name"":""Diallo"",""first_name"":""Ousmane"",""function"":""Chauffeur-livreur"",""presence"":""PRESENT"",""worked_hours"":8,""overtime_hours"":0,""daily_cost"":25000,""hourly_cost"":3125,""notes"":""Pointage validé par le responsable de site.""}"
pointage,PTG_2026-07-07_09,,"{""project"":""PRJ_DEPOT_THIES"",""date"":""2026-07-07"",""last_name"":""Seck"",""first_name"":""Ndèye"",""function"":""Assistante administrative"",""presence"":""PRESENT"",""worked_hours"":8,""overtime_hours"":0,""daily_cost"":23000,""hourly_cost"":2875,""notes"":""Pointage validé par le responsable de site.""}"
pointage,PTG_2026-07-06_00,,"{""project"":""PRJ_DAKAR_2026"",""date"":""2026-07-06"",""last_name"":""Ndiaye"",""first_name"":""Abdou"",""function"":""Responsable d'exploitation"",""presence"":""PRESENT"",""worked_hours"":8,""overtime_hours"":0,""daily_cost"":45000,""hourly_cost"":5600,""notes"":""Pointage validé par le responsable de site.""}"
pointage,PTG_2026-07-06_01,,"{""project"":""PRJ_DAKAR_2026"",""date"":""2026-07-06"",""last_name"":""Diop"",""first_name"":""Awa"",""function"":""Cheffe de production"",""presence"":""PRESENT"",""worked_hours"":8,""overtime_hours"":0,""daily_cost"":38000,""hourly_cost"":4750,""notes"":""Pointage validé par le responsable de site.""}"
pointage,PTG_2026-07-06_02,,"{""project"":""PRJ_DAKAR_2026"",""date"":""2026-07-06"",""last_name"":""Ba"",""first_name"":""Mamadou"",""function"":""Chef d'équipe"",""presence"":""PRESENT"",""worked_hours"":8,""overtime_hours"":0,""daily_cost"":30000,""hourly_cost"":3750,""notes"":""Pointage validé par le responsable de site.""}"
pointage,PTG_2026-07-06_03,,"{""project"":""PRJ_DAKAR_2026"",""date"":""2026-07-06"",""last_name"":""Sarr"",""first_name"":""Fatoumata"",""function"":""Responsable qualité"",""presence"":""PRESENT"",""worked_hours"":8,""overtime_hours"":0,""daily_cost"":34000,""hourly_cost"":4250,""notes"":""Pointage validé par le responsable de site.""}"
pointage,PTG_2026-07-06_04,,"{""project"":""PRJ_DAKAR_2026"",""date"":""2026-07-06"",""last_name"":""Fall"",""first_name"":""Ibrahima"",""function"":""Technicien maintenance"",""presence"":""PRESENT"",""worked_hours"":8,""overtime_hours"":0,""daily_cost"":28000,""hourly_cost"":3500,""notes"":""Pointage validé par le responsable de site.""}"
pointage,PTG_2026-07-06_05,,"{""project"":""PRJ_DAKAR_2026"",""date"":""2026-07-06"",""last_name"":""Sy"",""first_name"":""Khady"",""function"":""Magasinière"",""presence"":""PRESENT"",""worked_hours"":8,""overtime_hours"":0,""daily_cost"":24000,""hourly_cost"":3000,""notes"":""Pointage validé par le responsable de site.""}"
pointage,PTG_2026-07-06_06,,"{""project"":""PRJ_DAKAR_2026"",""date"":""2026-07-06"",""last_name"":""Gueye"",""first_name"":""Cheikh"",""function"":""Conducteur d'engin"",""presence"":""PRESENT"",""worked_hours"":8,""overtime_hours"":1.5,""daily_cost"":26000,""hourly_cost"":3250,""notes"":""Pointage validé par le responsable de site.""}"
pointage,PTG_2026-07-06_07,,"{""project"":""PRJ_DEPOT_THIES"",""date"":""2026-07-06"",""last_name"":""Cissé"",""first_name"":""Mariama"",""function"":""Opératrice de production"",""presence"":""PRESENT"",""worked_hours"":8,""overtime_hours"":0,""daily_cost"":22000,""hourly_cost"":2750,""notes"":""Pointage validé par le responsable de site.""}"
pointage,PTG_2026-07-06_08,,"{""project"":""PRJ_DEPOT_THIES"",""date"":""2026-07-06"",""last_name"":""Diallo"",""first_name"":""Ousmane"",""function"":""Chauffeur-livreur"",""presence"":""PRESENT"",""worked_hours"":8,""overtime_hours"":0,""daily_cost"":25000,""hourly_cost"":3125,""notes"":""Pointage validé par le responsable de site.""}"
pointage,PTG_2026-07-06_09,,"{""project"":""PRJ_DEPOT_THIES"",""date"":""2026-07-06"",""last_name"":""Seck"",""first_name"":""Ndèye"",""function"":""Assistante administrative"",""presence"":""PRESENT"",""worked_hours"":8,""overtime_hours"":0,""daily_cost"":23000,""hourly_cost"":2875,""notes"":""Pointage validé par le responsable de site.""}"
pointage,PTG_2026-07-04_00,,"{""project"":""PRJ_DAKAR_2026"",""date"":""2026-07-04"",""last_name"":""Ndiaye"",""first_name"":""Abdou"",""function"":""Responsable d'exploitation"",""presence"":""PRESENT"",""worked_hours"":8,""overtime_hours"":0,""daily_cost"":45000,""hourly_cost"":5600,""notes"":""Pointage validé par le responsable de site.""}"
pointage,PTG_2026-07-04_01,,"{""project"":""PRJ_DAKAR_2026"",""date"":""2026-07-04"",""last_name"":""Diop"",""first_name"":""Awa"",""function"":""Cheffe de production"",""presence"":""PRESENT"",""worked_hours"":8,""overtime_hours"":0,""daily_cost"":38000,""hourly_cost"":4750,""notes"":""Pointage validé par le responsable de site.""}"
pointage,PTG_2026-07-04_02,,"{""project"":""PRJ_DAKAR_2026"",""date"":""2026-07-04"",""last_name"":""Ba"",""first_name"":""Mamadou"",""function"":""Chef d'équipe"",""presence"":""PRESENT"",""worked_hours"":8,""overtime_hours"":0,""daily_cost"":30000,""hourly_cost"":3750,""notes"":""Pointage validé par le responsable de site.""}"
pointage,PTG_2026-07-04_03,,"{""project"":""PRJ_DAKAR_2026"",""date"":""2026-07-04"",""last_name"":""Sarr"",""first_name"":""Fatoumata"",""function"":""Responsable qualité"",""presence"":""PRESENT"",""worked_hours"":8,""overtime_hours"":0,""daily_cost"":34000,""hourly_cost"":4250,""notes"":""Pointage validé par le responsable de site.""}"
pointage,PTG_2026-07-04_04,,"{""project"":""PRJ_DAKAR_2026"",""date"":""2026-07-04"",""last_name"":""Fall"",""first_name"":""Ibrahima"",""function"":""Technicien maintenance"",""presence"":""PRESENT"",""worked_hours"":8,""overtime_hours"":1.5,""daily_cost"":28000,""hourly_cost"":3500,""notes"":""Pointage validé par le responsable de site.""}"
pointage,PTG_2026-07-04_05,,"{""project"":""PRJ_DAKAR_2026"",""date"":""2026-07-04"",""last_name"":""Sy"",""first_name"":""Khady"",""function"":""Magasinière"",""presence"":""PRESENT"",""worked_hours"":8,""overtime_hours"":0,""daily_cost"":24000,""hourly_cost"":3000,""notes"":""Pointage validé par le responsable de site.""}"
pointage,PTG_2026-07-04_06,,"{""project"":""PRJ_DAKAR_2026"",""date"":""2026-07-04"",""last_name"":""Gueye"",""first_name"":""Cheikh"",""function"":""Conducteur d'engin"",""presence"":""PRESENT"",""worked_hours"":8,""overtime_hours"":0,""daily_cost"":26000,""hourly_cost"":3250,""notes"":""Pointage validé par le responsable de site.""}"
pointage,PTG_2026-07-04_07,,"{""project"":""PRJ_DEPOT_THIES"",""date"":""2026-07-04"",""last_name"":""Cissé"",""first_name"":""Mariama"",""function"":""Opératrice de production"",""presence"":""PRESENT"",""worked_hours"":8,""overtime_hours"":0,""daily_cost"":22000,""hourly_cost"":2750,""notes"":""Pointage validé par le responsable de site.""}"
pointage,PTG_2026-07-04_08,,"{""project"":""PRJ_DEPOT_THIES"",""date"":""2026-07-04"",""last_name"":""Diallo"",""first_name"":""Ousmane"",""function"":""Chauffeur-livreur"",""presence"":""PRESENT"",""worked_hours"":8,""overtime_hours"":0,""daily_cost"":25000,""hourly_cost"":3125,""notes"":""Pointage validé par le responsable de site.""}"
pointage,PTG_2026-07-04_09,,"{""project"":""PRJ_DEPOT_THIES"",""date"":""2026-07-04"",""last_name"":""Seck"",""first_name"":""Ndèye"",""function"":""Assistante administrative"",""presence"":""PRESENT"",""worked_hours"":8,""overtime_hours"":0,""daily_cost"":23000,""hourly_cost"":2875,""notes"":""Pointage validé par le responsable de site.""}"
pointage,PTG_2026-07-03_00,,"{""project"":""PRJ_DAKAR_2026"",""date"":""2026-07-03"",""last_name"":""Ndiaye"",""first_name"":""Abdou"",""function"":""Responsable d'exploitation"",""presence"":""PRESENT"",""worked_hours"":8,""overtime_hours"":0,""daily_cost"":45000,""hourly_cost"":5600,""notes"":""Pointage validé par le responsable de site.""}"
pointage,PTG_2026-07-03_01,,"{""project"":""PRJ_DAKAR_2026"",""date"":""2026-07-03"",""last_name"":""Diop"",""first_name"":""Awa"",""function"":""Cheffe de production"",""presence"":""PRESENT"",""worked_hours"":8,""overtime_hours"":0,""daily_cost"":38000,""hourly_cost"":4750,""notes"":""Pointage validé par le responsable de site.""}"
pointage,PTG_2026-07-03_02,,"{""project"":""PRJ_DAKAR_2026"",""date"":""2026-07-03"",""last_name"":""Ba"",""first_name"":""Mamadou"",""function"":""Chef d'équipe"",""presence"":""PRESENT"",""worked_hours"":8,""overtime_hours"":0,""daily_cost"":30000,""hourly_cost"":3750,""notes"":""Pointage validé par le responsable de site.""}"
pointage,PTG_2026-07-03_03,,"{""project"":""PRJ_DAKAR_2026"",""date"":""2026-07-03"",""last_name"":""Sarr"",""first_name"":""Fatoumata"",""function"":""Responsable qualité"",""presence"":""PRESENT"",""worked_hours"":8,""overtime_hours"":1.5,""daily_cost"":34000,""hourly_cost"":4250,""notes"":""Pointage validé par le responsable de site.""}"
pointage,PTG_2026-07-03_04,,"{""project"":""PRJ_DAKAR_2026"",""date"":""2026-07-03"",""last_name"":""Fall"",""first_name"":""Ibrahima"",""function"":""Technicien maintenance"",""presence"":""PRESENT"",""worked_hours"":8,""overtime_hours"":0,""daily_cost"":28000,""hourly_cost"":3500,""notes"":""Pointage validé par le responsable de site.""}"
pointage,PTG_2026-07-03_05,,"{""project"":""PRJ_DAKAR_2026"",""date"":""2026-07-03"",""last_name"":""Sy"",""first_name"":""Khady"",""function"":""Magasinière"",""presence"":""PRESENT"",""worked_hours"":8,""overtime_hours"":0,""daily_cost"":24000,""hourly_cost"":3000,""notes"":""Pointage validé par le responsable de site.""}"
pointage,PTG_2026-07-03_06,,"{""project"":""PRJ_DAKAR_2026"",""date"":""2026-07-03"",""last_name"":""Gueye"",""first_name"":""Cheikh"",""function"":""Conducteur d'engin"",""presence"":""PRESENT"",""worked_hours"":8,""overtime_hours"":0,""daily_cost"":26000,""hourly_cost"":3250,""notes"":""Pointage validé par le responsable de site.""}"
pointage,PTG_2026-07-03_07,,"{""project"":""PRJ_DEPOT_THIES"",""date"":""2026-07-03"",""last_name"":""Cissé"",""first_name"":""Mariama"",""function"":""Opératrice de production"",""presence"":""PRESENT"",""worked_hours"":8,""overtime_hours"":0,""daily_cost"":22000,""hourly_cost"":2750,""notes"":""Pointage validé par le responsable de site.""}"
pointage,PTG_2026-07-03_08,,"{""project"":""PRJ_DEPOT_THIES"",""date"":""2026-07-03"",""last_name"":""Diallo"",""first_name"":""Ousmane"",""function"":""Chauffeur-livreur"",""presence"":""PRESENT"",""worked_hours"":8,""overtime_hours"":0,""daily_cost"":25000,""hourly_cost"":3125,""notes"":""Pointage validé par le responsable de site.""}"
pointage,PTG_2026-07-03_09,,"{""project"":""PRJ_DEPOT_THIES"",""date"":""2026-07-03"",""last_name"":""Seck"",""first_name"":""Ndèye"",""function"":""Assistante administrative"",""presence"":""PRESENT"",""worked_hours"":8,""overtime_hours"":0,""daily_cost"":23000,""hourly_cost"":2875,""notes"":""Pointage validé par le responsable de site.""}"
pointage,PTG_2026-07-02_00,,"{""project"":""PRJ_DAKAR_2026"",""date"":""2026-07-02"",""last_name"":""Ndiaye"",""first_name"":""Abdou"",""function"":""Responsable d'exploitation"",""presence"":""PRESENT"",""worked_hours"":8,""overtime_hours"":0,""daily_cost"":45000,""hourly_cost"":5600,""notes"":""Pointage validé par le responsable de site.""}"
pointage,PTG_2026-07-02_01,,"{""project"":""PRJ_DAKAR_2026"",""date"":""2026-07-02"",""last_name"":""Diop"",""first_name"":""Awa"",""function"":""Cheffe de production"",""presence"":""PRESENT"",""worked_hours"":8,""overtime_hours"":0,""daily_cost"":38000,""hourly_cost"":4750,""notes"":""Pointage validé par le responsable de site.""}"
pointage,PTG_2026-07-02_02,,"{""project"":""PRJ_DAKAR_2026"",""date"":""2026-07-02"",""last_name"":""Ba"",""first_name"":""Mamadou"",""function"":""Chef d'équipe"",""presence"":""PRESENT"",""worked_hours"":8,""overtime_hours"":1.5,""daily_cost"":30000,""hourly_cost"":3750,""notes"":""Pointage validé par le responsable de site.""}"
pointage,PTG_2026-07-02_03,,"{""project"":""PRJ_DAKAR_2026"",""date"":""2026-07-02"",""last_name"":""Sarr"",""first_name"":""Fatoumata"",""function"":""Responsable qualité"",""presence"":""PRESENT"",""worked_hours"":8,""overtime_hours"":0,""daily_cost"":34000,""hourly_cost"":4250,""notes"":""Pointage validé par le responsable de site.""}"
pointage,PTG_2026-07-02_04,,"{""project"":""PRJ_DAKAR_2026"",""date"":""2026-07-02"",""last_name"":""Fall"",""first_name"":""Ibrahima"",""function"":""Technicien maintenance"",""presence"":""PRESENT"",""worked_hours"":8,""overtime_hours"":0,""daily_cost"":28000,""hourly_cost"":3500,""notes"":""Pointage validé par le responsable de site.""}"
pointage,PTG_2026-07-02_05,,"{""project"":""PRJ_DAKAR_2026"",""date"":""2026-07-02"",""last_name"":""Sy"",""first_name"":""Khady"",""function"":""Magasinière"",""presence"":""PRESENT"",""worked_hours"":8,""overtime_hours"":0,""daily_cost"":24000,""hourly_cost"":3000,""notes"":""Pointage validé par le responsable de site.""}"
pointage,PTG_2026-07-02_06,,"{""project"":""PRJ_DAKAR_2026"",""date"":""2026-07-02"",""last_name"":""Gueye"",""first_name"":""Cheikh"",""function"":""Conducteur d'engin"",""presence"":""PRESENT"",""worked_hours"":8,""overtime_hours"":0,""daily_cost"":26000,""hourly_cost"":3250,""notes"":""Pointage validé par le responsable de site.""}"
pointage,PTG_2026-07-02_07,,"{""project"":""PRJ_DEPOT_THIES"",""date"":""2026-07-02"",""last_name"":""Cissé"",""first_name"":""Mariama"",""function"":""Opératrice de production"",""presence"":""PRESENT"",""worked_hours"":8,""overtime_hours"":0,""daily_cost"":22000,""hourly_cost"":2750,""notes"":""Pointage validé par le responsable de site.""}"
pointage,PTG_2026-07-02_08,,"{""project"":""PRJ_DEPOT_THIES"",""date"":""2026-07-02"",""last_name"":""Diallo"",""first_name"":""Ousmane"",""function"":""Chauffeur-livreur"",""presence"":""PRESENT"",""worked_hours"":8,""overtime_hours"":0,""daily_cost"":25000,""hourly_cost"":3125,""notes"":""Pointage validé par le responsable de site.""}"
pointage,PTG_2026-07-02_09,,"{""project"":""PRJ_DEPOT_THIES"",""date"":""2026-07-02"",""last_name"":""Seck"",""first_name"":""Ndèye"",""function"":""Assistante administrative"",""presence"":""PRESENT"",""worked_hours"":8,""overtime_hours"":1.5,""daily_cost"":23000,""hourly_cost"":2875,""notes"":""Pointage validé par le responsable de site.""}"
pointage,PTG_2026-07-01_00,,"{""project"":""PRJ_DAKAR_2026"",""date"":""2026-07-01"",""last_name"":""Ndiaye"",""first_name"":""Abdou"",""function"":""Responsable d'exploitation"",""presence"":""PRESENT"",""worked_hours"":8,""overtime_hours"":0,""daily_cost"":45000,""hourly_cost"":5600,""notes"":""Pointage validé par le responsable de site.""}"
pointage,PTG_2026-07-01_01,,"{""project"":""PRJ_DAKAR_2026"",""date"":""2026-07-01"",""last_name"":""Diop"",""first_name"":""Awa"",""function"":""Cheffe de production"",""presence"":""PRESENT"",""worked_hours"":8,""overtime_hours"":1.5,""daily_cost"":38000,""hourly_cost"":4750,""notes"":""Pointage validé par le responsable de site.""}"
pointage,PTG_2026-07-01_02,,"{""project"":""PRJ_DAKAR_2026"",""date"":""2026-07-01"",""last_name"":""Ba"",""first_name"":""Mamadou"",""function"":""Chef d'équipe"",""presence"":""PRESENT"",""worked_hours"":8,""overtime_hours"":0,""daily_cost"":30000,""hourly_cost"":3750,""notes"":""Pointage validé par le responsable de site.""}"
pointage,PTG_2026-07-01_03,,"{""project"":""PRJ_DAKAR_2026"",""date"":""2026-07-01"",""last_name"":""Sarr"",""first_name"":""Fatoumata"",""function"":""Responsable qualité"",""presence"":""PRESENT"",""worked_hours"":8,""overtime_hours"":0,""daily_cost"":34000,""hourly_cost"":4250,""notes"":""Pointage validé par le responsable de site.""}"
pointage,PTG_2026-07-01_04,,"{""project"":""PRJ_DAKAR_2026"",""date"":""2026-07-01"",""last_name"":""Fall"",""first_name"":""Ibrahima"",""function"":""Technicien maintenance"",""presence"":""PRESENT"",""worked_hours"":8,""overtime_hours"":0,""daily_cost"":28000,""hourly_cost"":3500,""notes"":""Pointage validé par le responsable de site.""}"
pointage,PTG_2026-07-01_05,,"{""project"":""PRJ_DAKAR_2026"",""date"":""2026-07-01"",""last_name"":""Sy"",""first_name"":""Khady"",""function"":""Magasinière"",""presence"":""PRESENT"",""worked_hours"":8,""overtime_hours"":0,""daily_cost"":24000,""hourly_cost"":3000,""notes"":""Pointage validé par le responsable de site.""}"
pointage,PTG_2026-07-01_06,,"{""project"":""PRJ_DAKAR_2026"",""date"":""2026-07-01"",""last_name"":""Gueye"",""first_name"":""Cheikh"",""function"":""Conducteur d'engin"",""presence"":""PRESENT"",""worked_hours"":8,""overtime_hours"":0,""daily_cost"":26000,""hourly_cost"":3250,""notes"":""Pointage validé par le responsable de site.""}"
pointage,PTG_2026-07-01_07,,"{""project"":""PRJ_DEPOT_THIES"",""date"":""2026-07-01"",""last_name"":""Cissé"",""first_name"":""Mariama"",""function"":""Opératrice de production"",""presence"":""PRESENT"",""worked_hours"":8,""overtime_hours"":0,""daily_cost"":22000,""hourly_cost"":2750,""notes"":""Pointage validé par le responsable de site.""}"
pointage,PTG_2026-07-01_08,,"{""project"":""PRJ_DEPOT_THIES"",""date"":""2026-07-01"",""last_name"":""Diallo"",""first_name"":""Ousmane"",""function"":""Chauffeur-livreur"",""presence"":""PRESENT"",""worked_hours"":8,""overtime_hours"":1.5,""daily_cost"":25000,""hourly_cost"":3125,""notes"":""Pointage validé par le responsable de site.""}"
pointage,PTG_2026-07-01_09,,"{""project"":""PRJ_DEPOT_THIES"",""date"":""2026-07-01"",""last_name"":""Seck"",""first_name"":""Ndèye"",""function"":""Assistante administrative"",""presence"":""PRESENT"",""worked_hours"":8,""overtime_hours"":0,""daily_cost"":23000,""hourly_cost"":2875,""notes"":""Pointage validé par le responsable de site.""}"
